ImageId,PredictedLabel,TrueLabel
1,19,19
2,8,8
3,11,11
4,32,32
5,28,28
6,5,5
7,29,29
8,28,28
9,3,3
10,7,7
11,24,24
12,29,29
13,12,12
14,4,4
15,16,16
16,10,10
17,30,30
18,11,11
19,8,8
20,5,5
21,14,14
22,17,17
23,27,27
24,23,23
25,31,31
26,31,31
27,33,33
28,20,20
29,9,9
30,17,17
31,9,9
32,13,13
33,11,11
34,5,5
35,16,16
36,9,9
37,12,12
38,7,7
39,26,26
40,12,12
41,25,25
42,21,21
43,28,28
44,8,8
45,14,14
46,30,30
47,34,34
48,15,15
49,34,34
50,29,29
51,8,8
52,33,33
53,27,27
54,10,10
55,20,20
56,5,5
57,20,20
58,28,28
59,0,0
60,10,10
61,14,14
62,12,12
63,7,7
64,30,30
65,1,1
66,10,10
67,9,9
68,27,27
69,19,19
70,10,10
71,16,16
72,23,23
73,0,0
74,17,17
75,17,17
76,21,21
77,15,15
78,18,18
79,17,17
80,25,25
81,23,23
82,6,6
83,32,32
84,31,31
85,7,7
86,31,31
87,19,19
88,11,11
89,24,24
90,1,1
91,8,8
92,29,29
93,26,26
94,7,7
95,32,32
96,16,16
97,19,19
98,4,4
99,27,27
100,33,33
101,0,0
102,33,33
103,29,29
104,13,13
105,29,29
106,6,6
107,5,5
108,11,11
109,11,11
110,25,25
111,24,24
112,5,5
113,8,8
114,19,19
115,10,10
116,12,12
117,12,12
118,21,21
119,14,14
120,32,32
121,9,9
122,31,31
123,18,18
124,17,17
125,6,6
126,8,8
127,13,13
128,5,5
129,26,26
130,26,26
131,4,4
132,24,24
133,23,23
134,18,18
135,29,29
136,21,21
137,33,33
138,26,26
139,9,9
140,20,20
141,25,25
142,17,17
143,1,1
144,4,4
145,12,12
146,6,6
147,5,5
148,1,1
149,10,10
150,8,8
151,13,13
152,33,33
153,25,25
154,14,14
155,5,5
156,8,8
157,28,28
158,13,13
159,22,22
160,33,33
161,31,31
162,6,6
163,24,24
164,24,24
165,15,15
166,4,4
167,17,17
168,12,12
169,26,26
170,0,0
171,0,0
172,17,17
173,5,5
174,2,2
175,19,19
176,30,30
177,5,5
178,2,2
179,18,18
180,5,5
181,2,2
182,21,21
183,1,1
184,19,19
185,14,14
186,16,16
187,12,12
188,18,18
189,29,29
190,22,22
191,9,9
192,2,2
193,25,25
194,29,29
195,5,5
196,30,30
197,19,19
198,11,11
199,24,24
200,1,1
201,22,22
202,18,18
203,16,16
204,10,10
205,4,4
206,25,25
207,29,29
208,14,14
209,23,23
210,27,27
211,24,24
212,23,23
213,23,23
214,19,19
215,11,11
216,3,3
217,0,0
218,5,5
219,30,30
220,34,34
221,4,4
222,26,26
223,7,7
224,33,33
225,20,20
226,0,0
227,27,27
228,10,10
229,9,9
230,7,7
231,19,19
232,23,23
233,12,12
234,21,21
235,2,2
236,20,20
237,1,1
238,13,13
239,33,33
240,8,8
241,14,14
242,22,22
243,33,33
244,15,15
245,34,34
246,30,30
247,10,10
248,29,29
249,24,24
250,10,10
251,0,0
252,25,25
253,0,0
254,26,26
255,14,14
256,12,12
257,21,21
258,28,28
259,31,31
260,26,26
261,3,3
262,16,16
263,0,0
264,28,28
265,6,6
266,29,29
267,34,34
268,0,0
269,9,9
270,5,5
271,28,28
272,23,23
273,33,33
274,31,31
275,20,20
276,22,22
277,15,15
278,32,32
279,4,4
280,21,21
281,2,2
282,26,26
283,14,14
284,15,15
285,19,19
286,11,11
287,13,13
288,34,34
289,22,22
290,27,27
291,28,28
292,22,22
293,27,27
294,15,15
295,21,21
296,5,5
297,21,21
298,27,27
299,0,0
300,24,24
301,30,30
302,11,11
303,23,23
304,20,20
305,6,6
306,32,32
307,19,19
308,28,28
309,15,15
310,4,4
311,34,34
312,11,11
313,8,8
314,8,8
315,0,0
316,7,7
317,1,1
318,25,25
319,3,3
320,6,6
321,1,1
322,10,10
323,0,0
324,18,18
325,23,23
326,27,27
327,10,10
328,3,3
329,20,20
330,24,24
331,1,1
332,17,17
333,31,31
334,5,5
335,27,27
336,27,27
337,1,1
338,19,19
339,8,8
340,19,19
341,3,3
342,20,20
343,27,27
344,22,22
345,18,18
346,13,13
347,33,33
348,1,1
349,27,27
350,1,1
351,19,19
352,6,6
353,25,25
354,1,1
355,9,9
356,3,3
357,0,0
358,0,0
359,4,4
360,28,28
361,1,1
362,20,20
363,33,33
364,7,7
365,16,16
366,0,0
367,19,19
368,26,26
369,15,15
370,21,21
371,28,28
372,10,10
373,19,19
374,15,15
375,2,2
376,21,21
377,9,9
378,29,29
379,17,17
380,31,31
381,20,20
382,29,29
383,6,6
384,11,11
385,17,17
386,5,5
387,22,22
388,30,30
389,20,20
390,4,4
391,1,1
392,32,32
393,28,28
394,29,29
395,4,4
396,8,8
397,29,29
398,16,16
399,17,17
400,27,27
401,31,31
402,23,23
403,26,26
404,28,28
405,8,8
406,31,31
407,25,25
408,12,12
409,12,12
410,15,15
411,28,28
412,24,24
413,18,18
414,19,19
415,6,6
416,6,6
417,32,32
418,4,4
419,2,2
420,29,29
421,4,4
422,12,12
423,26,26
424,2,1
425,15,15
426,8,8
427,16,16
428,10,10
429,8,8
430,31,31
431,9,9
432,14,14
433,0,0
434,12,12
435,12,12
436,8,8
437,30,30
438,7,7
439,23,23
440,22,22
441,2,2
442,10,10
443,25,25
444,13,13
445,19,19
446,20,20
447,1,1
448,7,7
449,4,4
450,17,17
451,24,24
452,9,9
453,30,30
454,5,5
455,4,4
456,34,34
457,21,21
458,17,17
459,30,30
460,31,31
461,26,26
462,8,8
463,18,18
464,24,24
465,2,2
466,1,1
467,9,9
468,9,9
469,3,3
470,0,0
471,32,32
472,25,25
473,30,30
474,25,25
475,23,23
476,7,7
477,14,14
478,24,24
479,30,30
480,10,10
481,18,18
482,31,31
483,11,11
484,31,31
485,11,11
486,19,19
487,17,17
488,30,30
489,16,16
490,25,25
491,30,30
492,27,27
493,21,21
494,33,33
495,5,5
496,27,27
497,11,11
498,7,7
499,23,23
500,20,20
501,10,10
502,23,23
503,29,29
504,30,30
505,29,29
506,28,28
507,3,3
508,34,34
509,14,14
510,14,14
511,16,16
512,29,29
513,11,11
514,13,13
515,19,19
516,9,9
517,0,0
518,33,33
519,26,26
520,14,14
521,20,20
522,14,14
523,5,5
524,30,30
525,13,13
526,13,13
527,20,20
528,28,28
529,7,7
530,1,1
531,28,28
532,32,32
533,24,24
534,11,11
535,13,13
536,23,23
537,11,11
538,18,18
539,5,5
540,33,33
541,20,20
542,14,14
543,21,21
544,31,31
545,13,13
546,22,22
547,10,10
548,34,34
549,16,16
550,19,19
551,6,6
552,27,27
553,30,30
554,18,18
555,24,24
556,7,7
557,9,9
558,28,28
559,12,12
560,11,11
561,20,20
562,8,8
563,33,33
564,20,20
565,22,22
566,15,15
567,1,1
568,32,32
569,13,13
570,34,34
571,16,16
572,8,8
573,0,0
574,26,26
575,6,6
576,23,23
577,14,14
578,13,13
579,27,27
580,28,28
581,10,10
582,32,32
583,27,27
584,31,31
585,7,7
586,15,15
587,27,27
588,8,8
589,23,23
590,9,9
591,31,31
592,4,4
593,34,34
594,3,3
595,27,27
596,32,32
597,28,28
598,31,31
599,6,6
600,25,25
601,22,22
602,18,18
603,14,14
604,15,15
605,14,14
606,10,10
607,8,8
608,1,1
609,5,5
610,3,3
611,25,25
612,27,27
613,20,20
614,31,31
615,20,20
616,12,12
617,5,5
618,21,21
619,32,32
620,11,11
621,17,17
622,0,0
623,24,24
624,23,23
625,17,17
626,26,26
627,0,0
628,34,34
629,22,22
630,13,13
631,29,29
632,24,24
633,29,29
634,5,5
635,28,28
636,7,7
637,25,25
638,17,17
639,20,20
640,12,12
641,0,0
642,22,22
643,7,7
644,1,1
645,1,1
646,8,8
647,12,12
648,28,28
649,32,32
650,22,22
651,17,17
652,4,4
653,5,5
654,19,19
655,10,10
656,12,12
657,24,24
658,21,21
659,11,11
660,1,1
661,23,23
662,11,11
663,2,2
664,27,27
665,13,13
666,26,26
667,28,28
668,17,17
669,17,17
670,13,13
671,24,24
672,2,2
673,20,20
674,8,8
675,9,9
676,34,34
677,10,10
678,21,21
679,24,24
680,2,2
681,23,23
682,0,0
683,7,7
684,28,28
685,1,1
686,1,1
687,22,22
688,14,14
689,33,33
690,28,28
691,33,33
692,7,7
693,24,24
694,19,19
695,19,19
696,32,32
697,7,7
698,32,32
699,26,26
700,31,31
701,28,28
702,25,25
703,19,19
704,22,22
705,27,27
706,34,34
707,33,33
708,28,28
709,5,5
710,8,8
711,25,25
712,15,15
713,30,30
714,33,33
715,33,33
716,11,11
717,34,34
718,22,22
719,14,14
720,22,22
721,7,7
722,13,13
723,20,20
724,4,4
725,19,19
726,4,4
727,17,17
728,4,4
729,10,10
730,27,27
731,15,15
732,11,11
733,17,17
734,15,15
735,8,8
736,2,2
737,13,13
738,12,12
739,30,30
740,30,30
741,27,27
742,24,24
743,5,5
744,9,9
745,25,25
746,27,27
747,34,34
748,6,6
749,17,17
750,29,29
751,21,21
752,19,19
753,24,24
754,31,31
755,2,2
756,31,31
757,5,5
758,31,31
759,3,3
760,33,33
761,10,10
762,27,27
763,2,2
764,22,22
765,16,16
766,9,9
767,15,15
768,2,2
769,6,6
770,30,30
771,22,22
772,18,18
773,25,25
774,16,16
775,24,24
776,30,30
777,15,15
778,28,28
779,27,27
780,6,6
781,16,16
782,0,0
783,18,18
784,2,2
785,6,6
786,14,14
787,10,10
788,27,27
789,14,14
790,8,8
791,18,18
792,17,17
793,23,23
794,25,25
795,17,17
796,13,13
797,2,2
798,31,31
799,17,17
800,1,1
801,27,27
802,31,31
803,29,29
804,23,23
805,8,8
806,24,24
807,19,19
808,6,6
809,5,5
810,20,20
811,14,14
812,24,24
813,20,20
814,17,17
815,11,11
816,26,26
817,28,28
818,3,3
819,28,28
820,20,20
821,27,27
822,24,24
823,14,14
824,21,21
825,3,3
826,14,14
827,29,29
828,5,5
829,8,8
830,3,3
831,27,27
832,9,9
833,3,3
834,34,34
835,32,32
836,5,5
837,26,26
838,18,18
839,28,28
840,10,10
841,32,32
842,32,32
843,18,18
844,24,24
845,12,12
846,11,11
847,34,34
848,30,30
849,27,27
850,26,26
851,18,18
852,26,26
853,21,21
854,22,22
855,26,26
856,6,6
857,28,28
858,6,6
859,32,32
860,19,19
861,28,28
862,7,7
863,33,33
864,33,33
865,16,16
866,33,33
867,0,0
868,31,31
869,26,26
870,19,19
871,24,24
872,21,21
873,9,9
874,26,26
875,2,2
876,17,17
877,17,17
878,0,0
879,7,7
880,3,3
881,18,18
882,2,2
883,11,11
884,21,21
885,21,21
886,29,29
887,23,23
888,22,22
889,17,17
890,30,30
891,9,9
892,27,27
893,30,30
894,29,29
895,24,24
896,34,34
897,33,33
898,16,16
899,6,6
900,4,4
901,18,18
902,20,20
903,31,31
904,27,27
905,25,25
906,33,33
907,10,10
908,28,28
909,17,17
910,22,22
911,17,17
912,34,34
913,34,34
914,9,9
915,5,5
916,15,15
917,20,20
918,10,10
919,8,8
920,15,15
921,4,4
922,10,10
923,34,34
924,9,9
925,11,11
926,4,4
927,4,4
928,12,12
929,29,29
930,21,21
931,33,33
932,17,17
933,30,30
934,18,18
935,14,14
936,27,27
937,33,33
938,17,17
939,13,13
940,10,10
941,31,31
942,28,28
943,23,23
944,23,23
945,34,34
946,9,9
947,19,19
948,14,14
949,6,6
950,10,10
951,8,8
952,23,23
953,12,12
954,19,19
955,18,18
956,24,24
957,22,22
958,33,33
959,14,14
960,28,28
961,0,0
962,30,30
963,32,32
964,23,23
965,0,0
966,1,1
967,23,23
968,17,17
969,16,16
970,19,19
971,4,4
972,18,18
973,23,23
974,26,26
975,27,27
976,13,13
977,7,7
978,9,9
979,14,14
980,26,26
981,28,28
982,4,4
983,3,3
984,30,30
985,26,26
986,30,30
987,10,10
988,15,15
989,24,24
990,0,0
991,7,7
992,18,18
993,12,12
994,19,19
995,30,30
996,12,12
997,3,3
998,7,7
999,11,11
1000,33,33
1001,2,2
1002,26,26
1003,33,33
1004,12,12
1005,28,28
1006,34,34
1007,9,9
1008,33,33
1009,15,15
1010,28,28
1011,26,26
1012,32,32
1013,33,33
1014,22,22
1015,25,25
1016,10,10
1017,11,11
1018,24,24
1019,27,27
1020,17,17
1021,29,29
1022,27,27
1023,9,9
1024,25,25
1025,4,4
1026,7,7
1027,18,18
1028,6,6
1029,32,32
1030,18,18
1031,34,34
1032,5,5
1033,33,33
1034,16,16
1035,12,12
1036,23,23
1037,9,9
1038,20,20
1039,30,30
1040,26,26
1041,12,12
1042,15,15
1043,4,4
1044,3,3
1045,25,25
1046,10,10
1047,13,13
1048,26,26
1049,2,2
1050,17,17
1051,6,6
1052,1,1
1053,11,11
1054,4,4
1055,34,34
1056,16,16
1057,11,11
1058,9,9
1059,34,34
1060,24,24
1061,19,19
1062,23,23
1063,14,14
1064,7,7
1065,25,25
1066,33,33
1067,10,10
1068,25,25
1069,30,30
1070,3,3
1071,25,25
1072,29,29
1073,23,23
1074,5,5
1075,1,1
1076,31,31
1077,22,22
1078,13,13
1079,18,18
1080,22,22
1081,19,19
1082,4,4
1083,27,27
1084,4,4
1085,3,3
1086,27,27
1087,28,28
1088,31,31
1089,24,24
1090,19,19
1091,30,30
1092,34,34
1093,9,9
1094,16,16
1095,14,14
1096,2,2
1097,17,17
1098,25,25
1099,25,25
1100,7,7
1101,27,27
1102,21,21
1103,10,10
1104,32,32
1105,26,26
1106,33,33
1107,33,33
1108,21,21
1109,15,15
1110,28,28
1111,31,31
1112,6,6
1113,18,18
1114,17,17
1115,28,28
1116,30,30
1117,1,1
1118,5,5
1119,4,4
1120,6,6
1121,9,9
1122,6,6
1123,34,34
1124,34,34
1125,29,29
1126,29,29
1127,26,26
1128,32,32
1129,14,14
1130,3,3
1131,16,16
1132,12,12
1133,2,2
1134,30,30
1135,21,21
1136,16,16
1137,13,13
1138,1,1
1139,34,34
1140,34,34
1141,4,4
1142,17,17
1143,24,24
1144,5,5
1145,17,17
1146,24,24
1147,18,18
1148,1,1
1149,28,28
1150,9,9
1151,30,30
1152,6,6
1153,21,21
1154,4,4
1155,22,22
1156,16,16
1157,1,1
1158,24,24
1159,3,3
1160,26,26
1161,12,12
1162,3,3
1163,7,7
1164,9,9
1165,13,13
1166,6,6
1167,14,14
1168,21,21
1169,16,16
1170,24,24
1171,14,14
1172,15,15
1173,22,22
1174,3,3
1175,27,27
1176,14,14
1177,33,33
1178,8,8
1179,8,8
1180,27,27
1181,23,23
1182,9,9
1183,33,33
1184,25,25
1185,29,29
1186,27,27
1187,9,9
1188,13,13
1189,18,18
1190,31,31
1191,33,33
1192,33,33
1193,19,19
1194,9,9
1195,32,32
1196,28,28
1197,2,2
1198,12,12
1199,13,13
1200,1,1
1201,32,32
1202,14,14
1203,28,28
1204,33,33
1205,24,24
1206,13,13
1207,31,31
1208,19,19
1209,22,22
1210,32,32
1211,19,19
1212,17,17
1213,31,31
1214,9,9
1215,2,2
1216,7,7
1217,20,20
1218,30,30
1219,10,10
1220,29,29
1221,8,8
1222,13,13
1223,11,11
1224,12,12
1225,2,2
1226,24,24
1227,3,3
1228,6,6
1229,30,30
1230,1,1
1231,24,24
1232,2,2
1233,5,5
1234,22,22
1235,24,24
1236,2,2
1237,11,11
1238,14,14
1239,32,32
1240,29,29
1241,7,7
1242,7,7
1243,31,31
1244,20,20
1245,10,10
1246,33,33
1247,12,12
1248,7,7
1249,4,4
1250,27,27
1251,32,32
1252,16,16
1253,4,4
1254,9,9
1255,25,25
1256,5,5
1257,33,33
1258,27,27
1259,19,19
1260,1,1
1261,1,1
1262,18,18
1263,13,13
1264,24,24
1265,23,23
1266,15,15
1267,5,5
1268,29,29
1269,0,0
1270,33,33
1271,7,7
1272,32,32
1273,7,7
1274,23,23
1275,29,29
1276,17,17
1277,30,30
1278,2,2
1279,14,14
1280,18,18
1281,27,27
1282,22,22
1283,18,18
1284,6,6
1285,29,29
1286,18,18
1287,1,1
1288,19,19
1289,8,8
1290,21,21
1291,28,28
1292,25,25
1293,5,5
1294,6,6
1295,11,11
1296,10,10
1297,2,2
1298,21,21
1299,1,1
1300,7,7
1301,24,24
1302,31,31
1303,26,26
1304,26,26
1305,29,29
1306,10,10
1307,3,3
1308,26,26
1309,31,31
1310,23,23
1311,30,30
1312,34,34
1313,27,27
1314,29,29
1315,3,3
1316,21,21
1317,18,18
1318,27,27
1319,12,12
1320,8,8
1321,13,13
1322,29,29
1323,12,12
1324,25,25
1325,31,31
1326,13,13
1327,18,18
1328,14,14
1329,5,5
1330,16,16
1331,10,10
1332,28,28
1333,0,0
1334,12,12
1335,24,24
1336,28,28
1337,2,2
1338,20,20
1339,28,28
1340,26,26
1341,21,21
1342,21,21
1343,13,13
1344,22,22
1345,9,9
1346,20,20
1347,34,34
1348,22,22
1349,19,19
1350,27,27
1351,5,5
1352,32,32
1353,7,7
1354,9,9
1355,6,6
1356,4,4
1357,29,29
1358,30,30
1359,14,14
1360,17,17
1361,18,18
1362,2,2
1363,12,12
1364,27,27
1365,33,33
1366,22,22
1367,34,34
1368,33,33
1369,32,32
1370,13,13
1371,20,20
1372,11,11
1373,6,6
1374,1,1
1375,17,17
1376,8,8
1377,24,24
1378,15,15
1379,32,32
1380,11,11
1381,11,11
1382,3,3
1383,30,30
1384,31,31
1385,6,6
1386,15,15
1387,27,27
1388,29,29
1389,28,28
1390,12,12
1391,4,4
1392,26,26
1393,33,33
1394,10,10
1395,15,15
1396,34,34
1397,33,33
1398,31,31
1399,22,22
1400,23,23
1401,4,4
1402,17,17
1403,12,12
1404,29,29
1405,2,2
1406,3,3
1407,21,21
1408,17,17
1409,13,13
1410,7,7
1411,29,29
1412,32,32
1413,0,0
1414,26,26
1415,15,15
1416,25,25
1417,31,31
1418,28,28
1419,21,21
1420,32,32
1421,4,4
1422,9,9
1423,8,8
1424,22,22
1425,11,11
1426,19,19
1427,3,3
1428,3,3
1429,31,31
1430,32,32
1431,27,27
1432,26,26
1433,16,16
1434,21,21
1435,3,3
1436,24,24
1437,34,34
1438,3,3
1439,34,34
1440,7,7
1441,6,6
1442,20,20
1443,3,3
1444,16,16
1445,24,24
1446,21,21
1447,26,26
1448,9,9
1449,18,18
1450,18,18
1451,2,2
1452,17,17
1453,10,10
1454,23,23
1455,11,11
1456,16,16
1457,17,17
1458,25,25
1459,9,9
1460,23,23
1461,26,26
1462,1,1
1463,5,5
1464,7,7
1465,26,26
1466,16,16
1467,22,22
1468,32,32
1469,28,28
1470,18,18
1471,17,17
1472,6,6
1473,25,25
1474,4,4
1475,3,3
1476,21,21
1477,32,32
1478,4,4
1479,30,30
1480,10,10
1481,20,20
1482,4,4
1483,8,8
1484,27,27
1485,10,10
1486,13,13
1487,7,7
1488,14,14
1489,26,26
1490,27,27
1491,10,10
1492,21,21
1493,21,21
1494,5,5
1495,26,26
1496,1,1
1497,5,5
1498,15,15
1499,11,11
1500,1,1
1501,7,7
1502,12,12
1503,21,21
1504,27,27
1505,29,29
1506,29,29
1507,1,1
1508,23,23
1509,2,2
1510,9,9
1511,24,24
1512,15,15
1513,6,6
1514,10,10
1515,9,9
1516,3,3
1517,29,29
1518,23,23
1519,8,8
1520,5,5
1521,11,11
1522,21,21
1523,5,5
1524,2,2
1525,8,8
1526,12,12
1527,12,12
1528,30,30
1529,19,19
1530,34,34
1531,25,25
1532,32,32
1533,8,8
1534,8,8
1535,13,13
1536,9,9
1537,4,4
1538,12,12
1539,15,15
1540,12,12
1541,29,29
1542,27,27
1543,0,0
1544,5,5
1545,21,21
1546,10,10
1547,20,20
1548,29,29
1549,12,12
1550,8,8
1551,7,7
1552,3,3
1553,13,13
1554,34,34
1555,13,13
1556,18,18
1557,8,8
1558,30,30
1559,4,4
1560,34,34
1561,28,28
1562,2,2
1563,5,5
1564,10,10
1565,27,27
1566,7,7
1567,28,28
1568,31,31
1569,4,4
1570,13,13
1571,26,26
1572,10,10
1573,16,16
1574,8,8
1575,34,34
1576,33,33
1577,32,32
1578,34,34
1579,27,27
1580,23,23
1581,18,18
1582,10,10
1583,12,12
1584,27,27
1585,7,7
1586,21,21
1587,33,33
1588,25,25
1589,29,29
1590,11,11
1591,22,22
1592,6,6
1593,24,24
1594,8,8
1595,23,23
1596,27,27
1597,2,2
1598,7,7
1599,30,30
1600,21,21
1601,2,2
1602,11,11
1603,4,4
1604,1,1
1605,34,34
1606,27,27
1607,10,10
1608,9,9
1609,30,30
1610,1,1
1611,20,20
1612,34,34
1613,13,13
1614,3,3
1615,11,11
1616,17,17
1617,27,27
1618,20,20
1619,13,13
1620,33,33
1621,20,20
1622,28,28
1623,21,21
1624,7,7
1625,20,20
1626,3,3
1627,16,16
1628,8,8
1629,18,18
1630,7,7
1631,26,26
1632,5,5
1633,28,28
1634,13,13
1635,24,24
1636,9,9
1637,13,13
1638,28,28
1639,6,6
1640,18,18
1641,5,5
1642,23,23
1643,30,30
1644,4,4
1645,4,4
1646,17,17
1647,31,31
1648,8,8
1649,0,0
1650,12,12
1651,12,12
1652,6,6
1653,13,13
1654,31,31
1655,21,21
1656,0,0
1657,18,18
1658,0,0
1659,21,21
1660,29,29
1661,8,8
1662,15,15
1663,23,23
1664,1,1
1665,26,26
1666,19,19
1667,31,31
1668,8,8
1669,17,17
1670,13,13
1671,26,26
1672,6,6
1673,30,30
1674,29,29
1675,25,25
1676,6,6
1677,7,7
1678,0,0
1679,12,12
1680,11,11
1681,9,9
1682,2,2
1683,14,14
1684,13,13
1685,13,13
1686,27,27
1687,32,32
1688,17,17
1689,20,20
1690,23,23
1691,2,2
1692,21,21
1693,6,6
1694,13,13
1695,32,32
1696,10,10
1697,5,5
1698,4,4
1699,34,34
1700,16,16
1701,6,6
1702,32,32
1703,29,29
1704,0,0
1705,16,16
1706,16,16
1707,30,30
1708,0,0
1709,13,13
1710,24,24
1711,13,13
1712,32,32
1713,4,4
1714,31,31
1715,28,28
1716,1,1
1717,10,10
1718,2,2
1719,8,8
1720,22,22
1721,33,33
1722,11,11
1723,8,8
1724,26,26
1725,13,13
1726,2,2
1727,24,24
1728,2,2
1729,26,26
1730,11,11
1731,29,29
1732,17,17
1733,1,1
1734,7,7
1735,8,8
1736,25,25
1737,11,11
1738,2,2
1739,14,14
1740,21,21
1741,8,8
1742,19,19
1743,2,2
1744,27,27
1745,1,1
1746,25,25
1747,10,10
1748,6,6
1749,25,25
1750,10,10
1751,21,21
1752,34,34
1753,12,12
1754,31,31
1755,2,2
1756,29,29
1757,17,17
1758,14,14
1759,3,3
1760,13,13
1761,7,7
1762,0,0
1763,7,7
1764,5,5
1765,3,3
1766,7,7
1767,24,24
1768,20,20
1769,7,7
1770,21,21
1771,6,6
1772,21,21
1773,12,12
1774,32,32
1775,28,28
1776,24,24
1777,30,30
1778,15,15
1779,17,17
1780,18,18
1781,14,14
1782,24,24
1783,2,2
1784,20,20
1785,9,9
1786,24,24
1787,14,14
1788,6,6
1789,21,21
1790,28,28
1791,28,28
1792,20,20
1793,27,27
1794,1,1
1795,17,17
1796,23,23
1797,22,22
1798,29,29
1799,4,4
1800,34,34
1801,32,32
1802,18,18
1803,22,22
1804,22,22
1805,33,33
1806,30,30
1807,16,16
1808,32,32
1809,2,2
1810,9,9
1811,27,27
1812,12,12
1813,32,32
1814,28,28
1815,18,18
1816,1,1
1817,6,6
1818,31,31
1819,25,25
1820,21,21
1821,33,33
1822,3,3
1823,9,9
1824,19,19
1825,33,33
1826,4,4
1827,12,12
1828,1,1
1829,7,7
1830,13,13
1831,24,24
1832,14,14
1833,8,8
1834,8,8
1835,11,11
1836,16,16
1837,8,8
1838,12,12
1839,29,29
1840,14,14
1841,32,32
1842,27,27
1843,5,5
1844,1,1
1845,3,3
1846,5,5
1847,15,15
1848,28,28
1849,2,2
1850,34,34
1851,9,9
1852,9,9
1853,20,20
1854,24,24
1855,18,18
1856,6,6
1857,19,19
1858,14,14
1859,1,1
1860,31,31
1861,17,17
1862,22,22
1863,22,22
1864,25,25
1865,22,22
1866,0,0
1867,2,2
1868,29,29
1869,10,10
1870,7,7
1871,5,5
1872,25,25
1873,6,6
1874,33,33
1875,3,3
1876,20,20
1877,31,31
1878,16,16
1879,10,10
1880,32,32
1881,16,16
1882,7,7
1883,11,11
1884,23,23
1885,14,14
1886,30,30
1887,5,5
1888,1,1
1889,30,30
1890,27,27
1891,32,32
1892,31,31
1893,10,10
1894,17,17
1895,21,21
1896,0,0
1897,13,13
1898,15,15
1899,25,25
1900,30,30
1901,8,8
1902,19,19
1903,16,16
1904,5,5
1905,23,23
1906,19,19
1907,1,1
1908,3,3
1909,17,17
1910,16,16
1911,28,28
1912,11,11
1913,23,23
1914,2,2
1915,23,23
1916,30,30
1917,16,16
1918,9,9
1919,32,32
1920,6,6
1921,13,13
1922,28,28
1923,30,30
1924,14,14
1925,8,8
1926,28,28
1927,33,33
1928,21,21
1929,9,9
1930,32,32
1931,9,9
1932,30,30
1933,11,11
1934,27,27
1935,15,15
1936,23,23
1937,6,6
1938,31,31
1939,8,8
1940,29,29
1941,7,7
1942,27,27
1943,20,20
1944,5,5
1945,4,4
1946,8,8
1947,4,4
1948,12,12
1949,18,18
1950,32,32
1951,0,0
1952,1,1
1953,32,32
1954,13,13
1955,27,27
1956,17,17
1957,27,27
1958,18,18
1959,0,0
1960,32,32
1961,34,34
1962,22,22
1963,21,21
1964,24,24
1965,9,9
1966,12,12
1967,11,11
1968,24,24
1969,26,26
1970,34,34
1971,32,32
1972,34,34
1973,34,34
1974,11,11
1975,14,14
1976,24,24
1977,20,20
1978,34,34
1979,33,33
1980,4,4
1981,5,5
1982,15,15
1983,29,29
1984,23,23
1985,1,1
1986,5,5
1987,3,3
1988,12,12
1989,14,14
1990,11,11
1991,24,24
1992,11,11
1993,18,18
1994,5,5
1995,25,25
1996,21,21
1997,29,29
1998,4,4
1999,18,18
2000,12,12
2001,31,31
2002,15,15
2003,25,25
2004,33,33
2005,33,33
2006,15,15
2007,26,26
2008,7,7
2009,9,9
2010,8,8
2011,2,2
2012,34,34
2013,22,22
2014,6,6
2015,19,19
2016,30,30
2017,14,14
2018,18,18
2019,25,25
2020,22,22
2021,6,6
2022,30,30
2023,22,22
2024,28,28
2025,27,27
2026,6,6
2027,5,5
2028,19,19
2029,11,11
2030,24,24
2031,6,6
2032,5,5
2033,3,3
2034,10,10
2035,17,17
2036,23,23
2037,15,15
2038,27,27
2039,4,4
2040,18,18
2041,33,33
2042,33,33
2043,8,8
2044,23,23
2045,8,8
2046,4,4
2047,23,23
2048,8,8
2049,16,16
2050,18,18
2051,0,0
2052,0,0
2053,8,8
2054,30,30
2055,18,18
2056,9,9
2057,34,34
2058,4,4
2059,4,4
2060,9,9
2061,9,9
2062,20,20
2063,8,8
2064,26,26
2065,20,20
2066,13,13
2067,5,5
2068,2,2
2069,16,16
2070,22,22
2071,1,1
2072,6,6
2073,4,4
2074,1,1
2075,33,33
2076,20,20
2077,22,22
2078,26,26
2079,0,0
2080,18,18
2081,21,21
2082,7,7
2083,7,7
2084,29,29
2085,24,24
2086,15,15
2087,0,0
2088,19,19
2089,18,18
2090,2,2
2091,30,30
2092,28,28
2093,21,21
2094,17,17
2095,29,29
2096,11,11
2097,24,24
2098,11,11
2099,26,26
2100,21,21
2101,13,13
2102,20,20
2103,14,14
2104,26,26
2105,18,18
2106,19,19
2107,10,10
2108,20,20
2109,25,25
2110,5,5
2111,16,16
2112,13,13
2113,3,3
2114,6,6
2115,2,2
2116,4,4
2117,8,8
2118,27,27
2119,11,11
2120,31,31
2121,7,7
2122,30,30
2123,30,30
2124,15,15
2125,8,8
2126,10,10
2127,33,33
2128,3,3
2129,20,20
2130,20,20
2131,14,14
2132,25,25
2133,17,17
2134,13,13
2135,29,29
2136,23,23
2137,30,30
2138,23,23
2139,34,34
2140,20,20
2141,26,26
2142,34,34
2143,22,22
2144,28,28
2145,27,27
2146,0,0
2147,7,7
2148,14,14
2149,32,32
2150,5,5
2151,28,28
2152,7,7
2153,15,15
2154,9,9
2155,6,6
2156,9,9
2157,22,22
2158,25,25
2159,23,23
2160,31,31
2161,9,9
2162,28,28
2163,4,4
2164,33,33
2165,24,24
2166,4,4
2167,12,12
2168,21,21
2169,13,13
2170,21,21
2171,31,31
2172,4,4
2173,11,11
2174,24,24
2175,32,32
2176,21,21
2177,12,12
2178,1,1
2179,16,16
2180,17,17
2181,24,24
2182,9,9
2183,24,24
2184,1,1
2185,23,23
2186,14,14
2187,19,19
2188,18,18
2189,3,3
2190,10,10
2191,0,0
2192,2,2
2193,20,20
2194,10,10
2195,24,24
2196,13,13
2197,34,34
2198,1,1
2199,24,24
2200,5,5
2201,32,32
2202,18,18
2203,27,27
2204,10,10
2205,29,29
2206,29,29
2207,16,16
2208,20,20
2209,10,10
2210,3,3
2211,17,17
2212,26,26
2213,10,10
2214,27,27
2215,9,9
2216,26,26
2217,1,1
2218,5,5
2219,9,9
2220,15,15
2221,30,30
2222,6,6
2223,21,21
2224,6,6
2225,7,7
2226,6,6
2227,3,3
2228,18,18
2229,33,33
2230,15,15
2231,13,13
2232,16,16
2233,5,5
2234,22,22
2235,25,25
2236,20,20
2237,10,10
2238,1,1
2239,2,2
2240,27,27
2241,11,11
2242,22,22
2243,0,0
2244,33,33
2245,11,11
2246,29,29
2247,13,13
2248,15,15
2249,2,2
2250,28,28
2251,7,7
2252,28,28
2253,30,30
2254,25,25
2255,15,15
2256,5,5
2257,21,21
2258,10,10
2259,25,25
2260,31,31
2261,16,16
2262,8,8
2263,4,4
2264,31,31
2265,12,12
2266,15,15
2267,6,6
2268,27,27
2269,11,11
2270,26,26
2271,14,14
2272,3,3
2273,34,34
2274,18,18
2275,9,9
2276,16,16
2277,25,25
2278,8,8
2279,26,26
2280,31,31
2281,26,26
2282,30,30
2283,24,24
2284,19,19
2285,27,27
2286,34,34
2287,28,28
2288,15,15
2289,15,15
2290,22,22
2291,33,33
2292,29,29
2293,22,22
2294,4,4
2295,16,16
2296,20,20
2297,6,6
2298,17,17
2299,33,33
2300,27,27
2301,7,7
2302,0,0
2303,14,14
2304,16,16
2305,33,33
2306,2,2
2307,22,22
2308,9,9
2309,4,4
2310,19,19
2311,31,31
2312,7,7
2313,26,26
2314,20,20
2315,10,10
2316,4,4
2317,28,28
2318,7,7
2319,18,18
2320,34,34
2321,13,13
2322,18,18
2323,12,12
2324,7,7
2325,24,24
2326,18,18
2327,3,3
2328,17,17
2329,13,13
2330,21,21
2331,13,13
2332,5,5
2333,8,8
2334,28,28
2335,30,30
2336,16,16
2337,25,25
2338,30,30
2339,0,0
2340,27,27
2341,19,19
2342,21,21
2343,33,33
2344,19,19
2345,28,28
2346,30,30
2347,11,11
2348,30,30
2349,18,18
2350,26,26
2351,6,6
2352,8,8
2353,16,16
2354,34,34
2355,13,13
2356,5,5
2357,3,3
2358,30,30
2359,1,1
2360,23,23
2361,32,32
2362,33,33
2363,29,29
2364,26,26
2365,10,10
2366,33,33
2367,16,16
2368,5,5
2369,12,12
2370,30,30
2371,6,6
2372,0,0
2373,13,13
2374,28,28
2375,0,0
2376,26,26
2377,25,25
2378,21,21
2379,30,30
2380,22,22
2381,28,28
2382,14,14
2383,10,10
2384,30,30
2385,12,12
2386,16,16
2387,1,1
2388,26,26
2389,15,15
2390,34,34
2391,2,2
2392,22,22
2393,5,5
2394,1,1
2395,28,28
2396,1,1
2397,21,21
2398,21,21
2399,9,9
2400,21,21
2401,10,10
2402,34,34
2403,1,1
2404,4,4
2405,26,26
2406,3,3
2407,3,3
2408,10,10
2409,18,18
2410,28,28
2411,25,25
2412,10,10
2413,31,31
2414,34,34
2415,10,10
2416,27,27
2417,16,16
2418,3,3
2419,3,3
2420,33,33
2421,33,33
2422,28,28
2423,25,25
2424,22,22
2425,0,0
2426,27,27
2427,16,16
2428,3,3
2429,18,18
2430,0,0
2431,2,2
2432,25,25
2433,7,7
2434,22,22
2435,33,33
2436,13,13
2437,4,4
2438,8,8
2439,34,34
2440,27,27
2441,29,29
2442,32,32
2443,6,6
2444,23,23
2445,14,14
2446,10,10
2447,22,22
2448,25,25
2449,6,6
2450,9,9
2451,34,34
2452,2,2
2453,12,12
2454,28,28
2455,17,17
2456,16,16
2457,33,33
2458,24,24
2459,9,9
2460,19,19
2461,24,24
2462,13,13
2463,8,8
2464,23,23
2465,5,5
2466,1,1
2467,17,17
2468,14,14
2469,13,13
2470,12,12
2471,0,0
2472,30,30
2473,14,14
2474,6,6
2475,6,6
2476,14,14
2477,15,15
2478,5,5
2479,8,8
2480,25,25
2481,13,13
2482,1,1
2483,11,11
2484,5,5
2485,26,26
2486,10,10
2487,32,32
2488,13,13
2489,8,8
2490,15,15
2491,21,21
2492,9,9
2493,1,1
2494,21,21
2495,12,12
2496,23,23
2497,18,18
2498,1,1
2499,25,25
2500,20,20
2501,31,31
2502,6,6
2503,33,33
2504,32,32
2505,22,22
2506,22,22
2507,29,29
2508,19,19
2509,30,30
2510,22,22
2511,17,17
2512,0,0
2513,3,3
2514,11,11
2515,2,2
2516,19,19
2517,10,10
2518,15,15
2519,13,13
2520,2,2
2521,3,3
2522,0,0
2523,27,27
2524,15,15
2525,10,10
2526,30,30
2527,12,12
2528,16,16
2529,30,30
2530,3,3
2531,14,14
2532,2,2
2533,11,11
2534,29,29
2535,12,12
2536,33,33
2537,6,6
2538,4,4
2539,16,16
2540,1,1
2541,19,19
2542,34,34
2543,25,25
2544,10,10
2545,16,16
2546,5,5
2547,15,15
2548,27,27
2549,10,10
2550,20,20
2551,1,1
2552,2,2
2553,15,15
2554,1,1
2555,18,18
2556,1,1
2557,28,28
2558,22,22
2559,23,23
2560,0,0
2561,23,23
2562,32,32
2563,15,15
2564,22,22
2565,26,26
2566,33,33
2567,32,32
2568,15,15
2569,24,24
2570,22,22
2571,2,2
2572,9,9
2573,28,28
2574,12,12
2575,2,2
2576,23,23
2577,8,8
2578,30,30
2579,33,33
2580,12,12
2581,9,9
2582,10,10
2583,2,2
2584,14,14
2585,18,18
2586,31,31
2587,0,0
2588,9,9
2589,15,15
2590,24,24
2591,2,2
2592,20,20
2593,19,19
2594,34,34
2595,18,18
2596,25,25
2597,5,5
2598,32,32
2599,7,7
2600,9,9
2601,17,17
2602,31,31
2603,25,25
2604,10,10
2605,6,6
2606,6,6
2607,10,10
2608,0,0
2609,16,16
2610,34,34
2611,21,21
2612,3,3
2613,34,34
2614,10,10
2615,4,4
2616,14,14
2617,27,27
2618,31,31
2619,34,34
2620,6,6
2621,6,6
2622,22,22
2623,5,5
2624,22,22
2625,14,14
2626,26,26
2627,3,3
2628,15,15
2629,9,9
2630,13,13
2631,3,3
2632,23,23
2633,4,4
2634,11,11
2635,26,26
2636,19,19
2637,6,6
2638,0,0
2639,24,24
2640,33,33
2641,30,30
2642,14,14
2643,9,9
2644,6,6
2645,8,8
2646,20,20
2647,34,34
2648,11,11
2649,30,30
2650,23,23
2651,10,10
2652,4,4
2653,7,7
2654,10,10
2655,2,2
2656,17,17
2657,14,14
2658,23,23
2659,33,33
2660,13,13
2661,0,0
2662,11,11
2663,0,0
2664,16,16
2665,27,27
2666,10,10
2667,27,27
2668,14,14
2669,2,2
2670,23,23
2671,1,1
2672,29,29
2673,19,19
2674,33,33
2675,3,3
2676,5,5
2677,33,33
2678,26,26
2679,10,10
2680,14,14
2681,28,28
2682,6,6
2683,10,10
2684,22,22
2685,22,22
2686,17,17
2687,0,0
2688,34,34
2689,3,3
2690,18,18
2691,10,10
2692,1,1
2693,22,22
2694,34,34
2695,34,34
2696,14,14
2697,12,12
2698,17,17
2699,31,31
2700,3,3
2701,23,23
2702,0,0
2703,2,2
2704,16,16
2705,19,19
2706,28,28
2707,19,19
2708,19,19
2709,5,5
2710,2,2
2711,31,31
2712,22,22
2713,14,14
2714,26,26
2715,15,15
2716,24,24
2717,32,32
2718,16,16
2719,18,18
2720,30,30
2721,2,2
2722,25,25
2723,4,4
2724,11,11
2725,30,30
2726,23,23
2727,2,2
2728,30,30
2729,14,14
2730,1,1
2731,28,28
2732,30,30
2733,12,12
2734,33,33
2735,25,25
2736,32,32
2737,22,22
2738,7,7
2739,25,25
2740,11,11
2741,15,15
2742,7,7
2743,27,27
2744,32,32
2745,17,17
2746,13,13
2747,25,25
2748,9,9
2749,26,26
2750,27,27
2751,20,20
2752,12,12
2753,2,2
2754,17,17
2755,18,18
2756,31,31
2757,13,13
2758,34,34
2759,33,33
2760,27,27
2761,25,25
2762,19,19
2763,24,24
2764,10,10
2765,8,8
2766,28,28
2767,24,24
2768,17,17
2769,33,33
2770,30,30
2771,19,19
2772,16,16
2773,6,6
2774,8,8
2775,1,1
2776,27,27
2777,22,22
2778,10,10
2779,8,8
2780,19,19
2781,11,11
2782,7,7
2783,19,19
2784,12,12
2785,33,33
2786,33,33
2787,7,7
2788,31,31
2789,4,4
2790,8,8
2791,18,18
2792,32,32
2793,20,20
2794,27,27
2795,21,21
2796,13,13
2797,32,32
2798,15,15
2799,9,9
2800,1,1
2801,33,33
2802,19,19
2803,31,31
2804,20,20
2805,16,16
2806,16,16
2807,15,15
2808,20,20
2809,29,29
2810,28,28
2811,20,20
2812,33,33
2813,14,14
2814,27,27
2815,13,13
2816,6,6
2817,1,1
2818,26,26
2819,27,27
2820,7,7
2821,18,18
2822,22,22
2823,13,13
2824,14,14
2825,16,16
2826,8,8
2827,9,9
2828,12,12
2829,10,10
2830,28,28
2831,21,21
2832,29,29
2833,20,20
2834,13,13
2835,14,14
2836,16,16
2837,15,15
2838,8,8
2839,28,28
2840,8,8
2841,30,30
2842,33,33
2843,33,33
2844,33,33
2845,20,20
2846,29,29
2847,21,21
2848,0,0
2849,7,7
2850,34,34
2851,13,13
2852,8,8
2853,15,15
2854,11,11
2855,23,23
2856,27,27
2857,30,30
2858,5,5
2859,7,7
2860,31,31
2861,19,19
2862,8,8
2863,33,33
2864,1,1
2865,13,13
2866,25,25
2867,16,16
2868,2,2
2869,21,21
2870,14,14
2871,16,16
2872,12,12
2873,3,3
2874,3,3
2875,8,8
2876,7,7
2877,8,8
2878,10,10
2879,12,12
2880,32,32
2881,29,29
2882,32,32
2883,9,9
2884,10,10
2885,1,1
2886,9,9
2887,8,8
2888,18,18
2889,18,18
2890,16,16
2891,12,12
2892,6,6
2893,27,27
2894,31,31
2895,10,10
2896,18,18
2897,23,23
2898,15,15
2899,9,9
2900,4,4
2901,19,19
2902,31,31
2903,22,22
2904,16,16
2905,13,13
2906,24,24
2907,18,18
2908,31,31
2909,0,0
2910,1,1
2911,9,9
2912,34,34
2913,1,1
2914,5,5
2915,34,34
2916,5,5
2917,7,7
2918,32,32
2919,12,12
2920,33,33
2921,5,5
2922,23,23
2923,29,29
2924,7,7
2925,2,2
2926,26,26
2927,16,16
2928,32,32
2929,12,12
2930,19,19
2931,1,1
2932,29,29
2933,0,0
2934,15,15
2935,28,28
2936,23,23
2937,17,17
2938,5,5
2939,28,28
2940,3,3
2941,0,0
2942,7,7
2943,25,25
2944,15,15
2945,33,33
2946,3,3
2947,2,2
2948,30,30
2949,23,23
2950,24,24
2951,15,15
2952,30,30
2953,9,9
2954,12,12
2955,20,20
2956,15,15
2957,0,0
2958,10,10
2959,15,15
2960,29,29
2961,0,0
2962,27,27
2963,18,18
2964,17,17
2965,11,11
2966,29,29
2967,34,34
2968,0,0
2969,6,6
2970,2,2
2971,26,26
2972,0,0
2973,27,27
2974,14,14
2975,28,28
2976,29,29
2977,27,27
2978,0,0
2979,21,21
2980,10,10
2981,25,25
2982,33,33
2983,19,19
2984,8,8
2985,24,24
2986,4,4
2987,15,15
2988,18,18
2989,13,13
2990,20,20
2991,31,31
2992,0,0
2993,22,22
2994,8,8
2995,25,25
2996,12,12
2997,28,28
2998,17,17
2999,12,12
3000,8,8
3001,26,26
3002,27,27
3003,20,20
3004,4,4
3005,22,22
3006,31,31
3007,34,34
3008,12,12
3009,27,27
3010,28,28
3011,2,2
3012,21,21
3013,24,24
3014,30,30
3015,5,5
3016,10,10
3017,11,11
3018,22,22
3019,11,11
3020,18,18
3021,8,8
3022,32,32
3023,11,11
3024,2,2
3025,12,12
3026,16,16
3027,23,23
3028,32,32
3029,23,23
3030,11,11
3031,17,17
3032,11,11
3033,12,12
3034,15,15
3035,14,14
3036,34,34
3037,24,24
3038,7,7
3039,26,26
3040,31,31
3041,15,15
3042,18,18
3043,25,25
3044,32,32
3045,28,28
3046,20,20
3047,0,0
3048,6,6
3049,27,27
3050,34,34
3051,17,17
3052,15,15
3053,8,8
3054,29,29
3055,4,4
3056,19,19
3057,6,6
3058,22,22
3059,12,12
3060,31,31
3061,23,23
3062,30,30
3063,8,8
3064,30,30
3065,34,34
3066,3,3
3067,1,1
3068,20,20
3069,20,20
3070,11,11
3071,24,24
3072,34,34
3073,6,6
3074,23,23
3075,2,2
3076,33,33
3077,0,0
3078,7,7
3079,23,23
3080,3,3
3081,17,17
3082,17,17
3083,26,26
3084,7,7
3085,6,6
3086,1,1
3087,9,9
3088,4,4
3089,10,10
3090,13,13
3091,11,11
3092,10,10
3093,5,5
3094,16,16
3095,12,12
3096,29,29
3097,12,12
3098,34,34
3099,26,26
3100,0,0
3101,3,3
3102,17,17
3103,23,23
3104,17,17
3105,30,30
3106,24,24
3107,21,21
3108,28,28
3109,7,7
3110,8,8
3111,25,25
3112,26,26
3113,30,30
3114,31,31
3115,9,9
3116,12,12
3117,9,9
3118,23,23
3119,4,4
3120,2,2
3121,16,16
3122,2,2
3123,33,33
3124,2,2
3125,9,9
3126,31,31
3127,2,2
3128,25,25
3129,13,13
3130,33,33
3131,17,17
3132,2,2
3133,31,31
3134,26,26
3135,32,32
3136,6,6
3137,27,27
3138,5,5
3139,20,20
3140,10,10
3141,34,34
3142,20,20
3143,3,3
3144,27,27
3145,10,10
3146,27,27
3147,22,22
3148,2,2
3149,31,31
3150,16,16
3151,5,5
3152,34,34
3153,10,10
3154,9,9
3155,8,8
3156,8,8
3157,11,11
3158,1,1
3159,19,19
3160,14,14
3161,15,15
3162,3,3
3163,1,1
3164,27,27
3165,2,2
3166,15,15
3167,11,11
3168,26,26
3169,4,4
3170,20,20
3171,21,21
3172,7,7
3173,9,9
3174,12,12
3175,7,7
3176,11,11
3177,10,10
3178,11,11
3179,10,10
3180,23,23
3181,19,19
3182,27,27
3183,17,17
3184,5,5
3185,18,18
3186,27,27
3187,26,26
3188,7,7
3189,27,27
3190,8,8
3191,16,16
3192,30,30
3193,20,20
3194,31,31
3195,29,29
3196,21,21
3197,29,29
3198,32,32
3199,3,3
3200,7,7
3201,20,20
3202,5,5
3203,32,32
3204,3,3
3205,12,12
3206,18,18
3207,19,19
3208,17,17
3209,15,15
3210,17,17
3211,28,28
3212,19,19
3213,33,33
3214,14,14
3215,16,16
3216,5,5
3217,27,27
3218,11,11
3219,26,26
3220,29,29
3221,13,13
3222,9,9
3223,29,29
3224,3,3
3225,15,15
3226,21,21
3227,24,24
3228,15,15
3229,5,5
3230,19,19
3231,7,7
3232,18,18
3233,8,8
3234,28,28
3235,12,12
3236,19,19
3237,1,1
3238,13,13
3239,6,6
3240,10,10
3241,20,20
3242,33,33
3243,24,24
3244,24,24
3245,33,33
3246,18,18
3247,17,17
3248,4,4
3249,2,2
3250,4,4
3251,23,23
3252,14,14
3253,3,3
3254,2,2
3255,17,17
3256,1,1
3257,18,18
3258,21,21
3259,28,28
3260,6,6
3261,33,33
3262,0,0
3263,34,34
3264,14,14
3265,27,27
3266,34,34
3267,28,28
3268,24,24
3269,34,34
3270,2,2
3271,26,26
3272,24,24
3273,17,17
3274,22,22
3275,4,4
3276,12,12
3277,9,9
3278,22,22
3279,4,4
3280,10,10
3281,8,8
3282,30,30
3283,21,21
3284,13,13
3285,11,11
3286,28,28
3287,27,27
3288,25,25
3289,21,21
3290,18,18
3291,34,34
3292,13,13
3293,30,30
3294,24,24
3295,27,27
3296,17,17
3297,7,7
3298,26,26
3299,33,33
3300,30,30
3301,16,16
3302,17,17
3303,27,27
3304,0,0
3305,0,0
3306,33,33
3307,6,6
3308,29,29
3309,22,22
3310,12,12
3311,8,8
3312,25,25
3313,29,29
3314,13,13
3315,16,16
3316,13,13
3317,0,0
3318,14,14
3319,17,17
3320,3,3
3321,7,7
3322,26,26
3323,31,31
3324,23,23
3325,23,23
3326,9,9
3327,23,23
3328,4,4
3329,26,26
3330,2,2
3331,18,18
3332,28,28
3333,9,9
3334,3,3
3335,17,17
3336,28,28
3337,0,0
3338,0,0
3339,8,8
3340,21,21
3341,27,27
3342,31,31
3343,19,19
3344,34,34
3345,13,13
3346,22,22
3347,16,16
3348,23,23
3349,15,15
3350,31,31
3351,27,27
3352,4,4
3353,23,23
3354,33,33
3355,19,19
3356,2,2
3357,31,31
3358,2,2
3359,26,26
3360,13,13
3361,23,23
3362,34,34
3363,2,2
3364,30,30
3365,25,25
3366,22,22
3367,22,22
3368,31,31
3369,1,1
3370,12,12
3371,2,2
3372,7,7
3373,29,29
3374,19,19
3375,17,17
3376,15,15
3377,34,34
3378,1,1
3379,5,5
3380,12,12
3381,8,8
3382,33,33
3383,33,33
3384,2,2
3385,13,13
3386,22,22
3387,8,8
3388,16,16
3389,1,1
3390,5,5
3391,11,11
3392,16,16
3393,30,30
3394,1,1
3395,27,27
3396,25,25
3397,1,1
3398,1,1
3399,16,16
3400,16,16
3401,15,15
3402,33,33
3403,30,30
3404,22,22
3405,21,21
3406,17,17
3407,34,34
3408,4,4
3409,13,13
3410,25,25
3411,30,30
3412,8,8
3413,29,29
3414,34,34
3415,24,24
3416,23,23
3417,24,24
3418,7,7
3419,30,30
3420,18,18
3421,7,7
3422,32,32
3423,23,23
3424,4,4
3425,1,1
3426,31,31
3427,22,22
3428,24,24
3429,11,11
3430,19,19
3431,18,18
3432,26,26
3433,29,29
3434,24,24
3435,32,32
3436,0,0
3437,26,26
3438,9,9
3439,34,34
3440,0,0
3441,27,27
3442,20,20
3443,29,29
3444,7,7
3445,25,25
3446,0,0
3447,21,21
3448,19,19
3449,12,12
3450,10,10
3451,5,5
3452,34,34
3453,2,2
3454,13,13
3455,1,1
3456,4,4
3457,10,10
3458,17,17
3459,2,2
3460,4,4
3461,30,30
3462,16,16
3463,31,31
3464,3,3
3465,10,10
3466,31,31
3467,6,6
3468,8,8
3469,22,22
3470,24,24
3471,21,21
3472,20,20
3473,34,34
3474,5,5
3475,25,25
3476,33,33
3477,3,3
3478,16,16
3479,20,20
3480,34,34
3481,14,14
3482,31,31
3483,18,18
3484,0,0
3485,27,27
3486,9,9
3487,4,4
3488,26,26
3489,26,26
3490,18,18
3491,23,23
3492,18,18
3493,3,3
3494,8,8
3495,9,9
3496,23,23
3497,15,15
3498,6,6
3499,18,18
3500,28,28
3501,8,8
3502,4,4
3503,18,18
3504,11,11
3505,3,3
3506,16,16
3507,29,29
3508,20,20
3509,19,19
3510,5,5
3511,22,22
3512,22,22
3513,12,12
3514,4,4
3515,13,13
3516,25,25
3517,31,31
3518,9,9
3519,16,16
3520,15,15
3521,31,31
3522,6,6
3523,20,20
3524,16,16
3525,23,23
3526,8,8
3527,30,30
3528,17,17
3529,3,3
3530,31,31
3531,16,16
3532,0,0
3533,4,4
3534,32,32
3535,17,17
3536,3,3
3537,20,20
3538,11,11
3539,1,1
3540,14,14
3541,18,18
3542,20,20
3543,31,31
3544,19,19
3545,34,34
3546,34,34
3547,1,1
3548,11,11
3549,7,7
3550,26,26
3551,33,33
3552,3,3
3553,20,20
3554,29,29
3555,31,31
3556,26,26
3557,5,5
3558,32,32
3559,4,4
3560,32,32
3561,2,2
3562,22,22
3563,32,32
3564,16,16
3565,8,8
3566,15,15
3567,30,30
3568,0,0
3569,1,1
3570,28,28
3571,14,14
3572,31,31
3573,22,22
3574,22,22
3575,21,21
3576,3,3
3577,5,5
3578,20,20
3579,32,32
3580,11,11
3581,14,14
3582,22,22
3583,1,1
3584,25,25
3585,31,31
3586,2,2
3587,27,27
3588,1,1
3589,5,5
3590,1,1
3591,31,31
3592,14,14
3593,24,24
3594,4,4
3595,9,9
3596,33,33
3597,23,23
3598,8,8
3599,10,10
3600,15,15
3601,0,0
3602,21,21
3603,4,4
3604,16,16
3605,26,26
3606,13,13
3607,26,26
3608,12,12
3609,17,17
3610,6,6
3611,0,0
3612,1,1
3613,23,23
3614,28,28
3615,0,0
3616,18,18
3617,16,16
3618,15,15
3619,30,30
3620,3,3
3621,11,11
3622,33,33
3623,1,1
3624,22,22
3625,32,32
3626,8,8
3627,34,34
3628,8,8
3629,2,2
3630,26,26
3631,33,33
3632,18,18
3633,30,30
3634,29,29
3635,7,7
3636,34,34
3637,34,34
3638,11,11
3639,21,21
3640,23,23
3641,34,34
3642,29,29
3643,3,3
3644,2,2
3645,13,13
3646,13,13
3647,24,24
3648,28,28
3649,27,27
3650,9,9
3651,25,25
3652,12,12
3653,9,9
3654,30,30
3655,18,18
3656,4,4
3657,22,22
3658,7,7
3659,5,5
3660,15,15
3661,6,6
3662,4,4
3663,34,34
3664,29,29
3665,30,30
3666,7,7
3667,6,6
3668,26,26
3669,25,25
3670,25,25
3671,9,9
3672,26,26
3673,1,1
3674,8,8
3675,19,19
3676,25,25
3677,14,14
3678,5,5
3679,29,29
3680,3,3
3681,21,21
3682,3,3
3683,22,22
3684,29,29
3685,27,27
3686,22,22
3687,5,5
3688,5,5
3689,11,11
3690,20,20
3691,29,29
3692,8,8
3693,22,22
3694,31,31
3695,22,22
3696,16,16
3697,16,16
3698,29,29
3699,31,31
3700,20,20
3701,31,31
3702,9,9
3703,18,18
3704,33,33
3705,34,34
3706,5,5
3707,21,21
3708,29,29
3709,17,17
3710,5,5
3711,23,23
3712,23,23
3713,23,23
3714,16,16
3715,19,19
3716,1,1
3717,17,17
3718,32,32
3719,9,9
3720,19,19
3721,19,19
3722,4,4
3723,24,24
3724,14,14
3725,32,32
3726,30,30
3727,6,6
3728,4,4
3729,24,24
3730,26,26
3731,22,22
3732,29,29
3733,5,5
3734,9,9
3735,11,11
3736,32,32
3737,34,34
3738,33,33
3739,4,4
3740,28,28
3741,12,12
3742,10,10
3743,13,13
3744,13,13
3745,16,16
3746,13,13
3747,26,26
3748,23,23
3749,31,31
3750,22,22
3751,12,12
3752,23,23
3753,19,19
3754,2,2
3755,3,3
3756,21,21
3757,17,17
3758,28,28
3759,21,21
3760,16,16
3761,32,32
3762,29,29
3763,17,17
3764,13,13
3765,11,11
3766,19,19
3767,11,11
3768,2,2
3769,26,26
3770,28,28
3771,24,24
3772,8,8
3773,2,2
3774,10,10
3775,17,17
3776,18,18
3777,21,21
3778,16,16
3779,25,25
3780,27,27
3781,19,19
3782,20,20
3783,3,3
3784,28,28
3785,25,25
3786,11,11
3787,32,32
3788,13,13
3789,3,3
3790,24,24
3791,3,3
3792,20,20
3793,18,18
3794,2,2
3795,18,18
3796,34,34
3797,0,0
3798,28,28
3799,13,13
3800,30,30
3801,0,0
3802,33,33
3803,10,10
3804,15,15
3805,4,4
3806,34,34
3807,7,7
3808,0,0
3809,19,19
3810,19,19
3811,8,8
3812,6,6
3813,9,9
3814,21,21
3815,32,32
3816,18,18
3817,16,16
3818,9,9
3819,20,20
3820,13,13
3821,2,2
3822,30,30
3823,17,17
3824,33,33
3825,30,30
3826,11,11
3827,15,15
3828,4,4
3829,24,24
3830,21,21
3831,30,30
3832,10,10
3833,22,22
3834,7,7
3835,29,29
3836,14,14
3837,26,26
3838,10,10
3839,33,33
3840,9,9
3841,33,33
3842,3,3
3843,12,12
3844,14,14
3845,19,19
3846,17,17
3847,29,29
3848,20,20
3849,20,20
3850,16,16
3851,4,4
3852,12,12
3853,0,0
3854,26,26
3855,15,15
3856,31,31
3857,26,26
3858,10,10
3859,19,19
3860,29,29
3861,11,11
3862,24,24
3863,0,0
3864,4,4
3865,18,18
3866,16,16
3867,27,27
3868,17,17
3869,31,31
3870,1,1
3871,30,30
3872,14,14
3873,30,30
3874,15,15
3875,30,30
3876,22,22
3877,12,12
3878,19,19
3879,11,11
3880,14,14
3881,23,23
3882,12,12
3883,18,18
3884,34,34
3885,18,18
3886,21,21
3887,3,3
3888,8,8
3889,5,5
3890,27,27
3891,11,11
3892,19,19
3893,6,6
3894,4,4
3895,4,4
3896,24,24
3897,31,31
3898,14,14
3899,3,3
3900,10,10
3901,18,18
3902,22,22
3903,6,6
3904,28,28
3905,32,32
3906,31,31
3907,24,24
3908,28,28
3909,3,3
3910,28,28
3911,7,7
3912,18,18
3913,0,0
3914,28,28
3915,2,2
3916,3,3
3917,28,28
3918,30,30
3919,1,1
3920,4,4
3921,23,23
3922,34,34
3923,16,16
3924,27,27
3925,21,21
3926,0,0
3927,14,14
3928,14,14
3929,34,34
3930,33,33
3931,31,31
3932,31,31
3933,7,7
3934,6,6
3935,14,14
3936,15,15
3937,17,17
3938,24,24
3939,32,32
3940,7,7
3941,0,0
3942,2,2
3943,24,24
3944,32,32
3945,12,12
3946,28,28
3947,13,13
3948,22,22
3949,17,17
3950,25,25
3951,8,8
3952,12,12
3953,4,4
3954,22,22
3955,10,10
3956,12,12
3957,7,7
3958,14,14
3959,25,25
3960,21,21
3961,26,26
3962,33,33
3963,19,19
3964,26,26
3965,3,3
3966,17,17
3967,28,28
3968,27,27
3969,23,23
3970,29,29
3971,1,1
3972,25,25
3973,30,30
3974,26,26
3975,24,24
3976,26,26
3977,19,19
3978,8,8
3979,9,9
3980,14,14
3981,30,30
3982,9,9
3983,16,16
3984,16,16
3985,26,26
3986,15,15
3987,27,27
3988,29,29
3989,19,19
3990,34,34
3991,2,2
3992,10,10
3993,2,2
3994,14,14
3995,30,30
3996,13,13
3997,11,11
3998,21,21
3999,34,34
4000,4,4
4001,12,12
4002,22,22
4003,24,24
4004,27,27
4005,31,31
4006,23,23
4007,33,33
4008,13,13
4009,12,12
4010,31,31
4011,5,5
4012,21,21
4013,7,7
4014,19,19
4015,7,7
4016,10,10
4017,16,16
4018,3,3
4019,21,21
4020,33,33
4021,13,13
4022,17,17
4023,5,5
4024,34,34
4025,7,7
4026,0,0
4027,14,14
4028,17,17
4029,9,9
4030,32,32
4031,31,31
4032,27,27
4033,0,0
4034,1,1
4035,0,0
4036,1,1
4037,31,31
4038,28,28
4039,5,5
4040,16,16
4041,11,11
4042,34,34
4043,24,24
4044,14,14
4045,21,21
4046,9,9
4047,10,10
4048,30,30
4049,26,26
4050,32,32
4051,20,20
4052,32,32
4053,24,24
4054,24,24
4055,15,15
4056,26,26
4057,21,21
4058,25,25
4059,30,30
4060,18,18
4061,30,30
4062,2,2
4063,11,11
4064,14,14
4065,3,3
4066,28,28
4067,25,25
4068,24,24
4069,4,4
4070,21,21
4071,25,25
4072,31,31
4073,7,7
4074,14,14
4075,21,21
4076,21,21
4077,25,25
4078,31,31
4079,23,23
4080,23,23
4081,23,23
4082,10,10
4083,26,26
4084,19,19
4085,12,12
4086,0,0
4087,5,5
4088,23,23
4089,6,6
4090,3,3
4091,17,17
4092,17,17
4093,18,18
4094,34,34
4095,13,13
4096,4,4
4097,1,1
4098,4,4
4099,32,32
4100,11,11
4101,17,17
4102,23,23
4103,4,4
4104,28,28
4105,11,11
4106,18,18
4107,23,23
4108,6,6
4109,32,32
4110,25,25
4111,30,30
4112,11,11
4113,5,5
4114,6,6
4115,13,13
4116,3,3
4117,4,4
4118,14,14
4119,15,15
4120,22,22
4121,15,15
4122,22,22
4123,14,14
4124,8,8
4125,13,13
4126,11,11
4127,33,33
4128,14,14
4129,3,3
4130,31,31
4131,1,1
4132,11,11
4133,5,5
4134,32,32
4135,0,0
4136,7,7
4137,1,1
4138,15,15
4139,27,27
4140,27,27
4141,14,14
4142,15,15
4143,32,32
4144,17,17
4145,23,23
4146,3,3
4147,34,34
4148,27,27
4149,9,9
4150,15,15
4151,8,8
4152,17,17
4153,9,9
4154,28,28
4155,34,34
4156,20,20
4157,33,33
4158,3,3
4159,13,13
4160,32,32
4161,26,26
4162,28,28
4163,33,33
4164,26,26
4165,23,23
4166,15,15
4167,15,15
4168,11,11
4169,12,12
4170,13,13
4171,5,5
4172,1,1
4173,0,0
4174,0,0
4175,17,17
4176,21,21
4177,25,25
4178,20,20
4179,7,7
4180,2,2
4181,17,17
4182,14,14
4183,20,20
4184,3,3
4185,10,10
4186,31,31
4187,32,32
4188,19,19
4189,23,23
4190,15,15
4191,4,4
4192,16,16
4193,6,6
4194,11,11
4195,16,16
4196,34,34
4197,28,28
4198,8,8
4199,16,16
4200,30,30
4201,16,16
4202,14,14
4203,17,17
4204,7,7
4205,18,18
4206,4,4
4207,16,16
4208,10,10
4209,25,25
4210,31,31
4211,29,29
4212,14,14
4213,1,1
4214,3,3
4215,19,19
4216,19,19
4217,26,26
4218,12,12
4219,11,11
4220,32,32
4221,27,27
4222,34,34
4223,32,32
4224,31,31
4225,11,11
4226,20,20
4227,18,18
4228,6,6
4229,16,16
4230,16,16
4231,25,25
4232,33,33
4233,2,2
4234,1,1
4235,19,19
4236,33,33
4237,23,23
4238,10,10
4239,14,14
4240,27,27
4241,16,16
4242,25,25
4243,28,28
4244,33,33
4245,20,20
4246,12,12
4247,23,23
4248,15,15
4249,25,25
4250,21,21
4251,20,20
4252,32,32
4253,17,17
4254,6,6
4255,14,14
4256,9,9
4257,10,10
4258,1,1
4259,5,5
4260,15,15
4261,7,7
4262,7,7
4263,0,0
4264,28,28
4265,30,30
4266,1,1
4267,10,10
4268,28,28
4269,20,20
4270,14,14
4271,2,2
4272,4,4
4273,23,23
4274,28,28
4275,2,2
4276,5,5
4277,19,19
4278,18,18
4279,14,14
4280,18,18
4281,19,19
4282,19,19
4283,23,23
4284,14,14
4285,33,33
4286,26,26
4287,33,33
4288,17,17
4289,27,27
4290,22,22
4291,6,6
4292,28,28
4293,29,29
4294,26,26
4295,11,11
4296,17,17
4297,34,34
4298,11,11
4299,34,34
4300,3,3
4301,23,23
4302,17,17
4303,14,14
4304,12,12
4305,7,7
4306,34,34
4307,2,2
4308,32,32
4309,5,5
4310,20,20
4311,9,9
4312,3,3
4313,28,28
4314,3,3
4315,30,30
4316,23,23
4317,10,10
4318,32,32
4319,12,12
4320,6,6
4321,30,30
4322,10,10
4323,34,34
4324,3,3
4325,16,16
4326,2,2
4327,25,25
4328,15,15
4329,22,22
4330,23,23
4331,25,25
4332,29,29
4333,20,20
4334,5,5
4335,3,3
4336,33,33
4337,8,8
4338,24,24
4339,5,5
4340,25,25
4341,27,27
4342,21,21
4343,18,18
4344,6,6
4345,2,2
4346,22,22
4347,1,1
4348,27,27
4349,13,13
4350,26,26
4351,7,7
4352,22,22
4353,18,18
4354,2,2
4355,24,24
4356,28,28
4357,12,12
4358,32,32
4359,30,30
4360,34,34
4361,28,28
4362,5,5
4363,11,11
4364,11,11
4365,3,3
4366,13,13
4367,10,10
4368,3,3
4369,29,29
4370,30,30
4371,18,18
4372,26,26
4373,23,23
4374,11,11
4375,8,8
4376,27,27
4377,26,26
4378,26,26
4379,0,0
4380,7,7
4381,14,14
4382,4,4
4383,29,29
4384,23,23
4385,26,26
4386,27,27
4387,34,34
4388,1,1
4389,9,9
4390,29,29
4391,19,19
4392,32,32
4393,9,9
4394,31,31
4395,2,2
4396,18,18
4397,24,24
4398,12,12
4399,21,21
4400,13,13
4401,15,15
4402,10,10
4403,11,11
4404,30,30
4405,23,23
4406,17,17
4407,15,15
4408,3,3
4409,11,11
4410,19,19
4411,2,2
4412,3,3
4413,10,10
4414,5,5
4415,7,7
4416,30,30
4417,34,34
4418,10,10
4419,24,24
4420,1,1
4421,14,14
4422,33,33
4423,34,34
4424,13,13
4425,6,6
4426,10,10
4427,3,3
4428,6,6
4429,13,13
4430,15,15
4431,10,10
4432,0,0
4433,26,26
4434,14,14
4435,17,17
4436,7,7
4437,15,15
4438,11,11
4439,23,23
4440,5,5
4441,34,34
4442,26,26
4443,10,10
4444,23,23
4445,13,13
4446,33,33
4447,34,34
4448,28,28
4449,12,12
4450,7,7
4451,24,24
4452,5,5
4453,19,19
4454,34,34
4455,24,24
4456,4,4
4457,15,15
4458,33,33
4459,4,4
4460,11,11
4461,23,23
4462,30,30
4463,10,10
4464,1,1
4465,15,15
4466,19,19
4467,2,2
4468,2,2
4469,31,31
4470,3,3
4471,3,3
4472,25,25
4473,15,15
4474,4,4
4475,5,5
4476,1,1
4477,14,14
4478,27,27
4479,5,5
4480,26,26
4481,22,22
4482,5,5
4483,22,22
4484,15,15
4485,24,24
4486,23,23
4487,7,7
4488,26,26
4489,28,28
4490,16,16
4491,4,4
4492,21,21
4493,13,13
4494,30,30
4495,6,6
4496,1,1
4497,24,24
4498,11,11
4499,7,7
4500,18,18
4501,8,8
4502,10,10
4503,32,32
4504,16,16
4505,7,7
4506,33,33
4507,2,2
4508,15,15
4509,22,22
4510,30,30
4511,12,12
4512,22,22
4513,10,10
4514,19,19
4515,7,7
4516,1,1
4517,22,22
4518,15,15
4519,24,24
4520,5,5
4521,0,0
4522,33,33
4523,9,9
4524,2,2
4525,9,9
4526,24,24
4527,9,9
4528,12,12
4529,30,30
4530,1,1
4531,23,23
4532,24,24
4533,27,27
4534,27,27
4535,27,27
4536,11,11
4537,4,4
4538,31,31
4539,16,16
4540,29,29
4541,12,12
4542,20,20
4543,30,30
4544,17,17
4545,1,1
4546,0,0
4547,14,14
4548,25,25
4549,31,31
4550,10,10
4551,7,7
4552,24,24
4553,16,16
4554,4,4
4555,6,6
4556,33,33
4557,4,4
4558,11,11
4559,1,1
4560,4,4
4561,32,32
4562,2,2
4563,16,16
4564,8,8
4565,32,32
4566,0,0
4567,26,26
4568,33,33
4569,28,28
4570,1,1
4571,13,13
4572,28,28
4573,24,24
4574,2,2
4575,17,17
4576,32,32
4577,15,15
4578,5,5
4579,34,34
4580,31,31
4581,6,6
4582,9,9
4583,28,28
4584,17,17
4585,3,3
4586,31,31
4587,19,19
4588,10,10
4589,14,14
4590,22,22
4591,32,32
4592,12,12
4593,14,14
4594,26,26
4595,20,20
4596,25,25
4597,31,31
4598,1,1
4599,15,15
4600,6,6
4601,31,31
4602,31,31
4603,18,18
4604,25,25
4605,12,12
4606,32,32
4607,11,11
4608,29,29
4609,27,27
4610,17,17
4611,6,6
4612,8,8
4613,11,11
4614,1,1
4615,6,6
4616,0,0
4617,13,13
4618,5,5
4619,25,25
4620,0,0
4621,7,7
4622,26,26
4623,26,26
4624,7,7
4625,30,30
4626,17,17
4627,11,11
4628,23,23
4629,15,15
4630,15,15
4631,12,12
4632,14,14
4633,29,29
4634,13,13
4635,2,2
4636,1,1
4637,7,7
4638,18,18
4639,10,10
4640,11,11
4641,29,29
4642,22,22
4643,7,7
4644,21,21
4645,14,14
4646,12,12
4647,10,10
4648,23,23
4649,2,2
4650,16,16
4651,21,21
4652,26,26
4653,4,4
4654,3,3
4655,20,20
4656,33,33
4657,2,2
4658,28,28
4659,16,16
4660,28,28
4661,26,26
4662,25,25
4663,34,34
4664,9,9
4665,31,31
4666,32,32
4667,25,25
4668,24,24
4669,29,29
4670,22,22
4671,23,23
4672,10,10
4673,14,14
4674,26,26
4675,19,19
4676,14,14
4677,11,11
4678,20,20
4679,4,4
4680,18,18
4681,21,21
4682,6,6
4683,5,5
4684,25,25
4685,23,23
4686,19,19
4687,18,18
4688,14,14
4689,21,21
4690,29,29
4691,14,14
4692,17,17
4693,0,0
4694,24,24
4695,8,8
4696,28,28
4697,5,5
4698,6,6
4699,3,3
4700,29,29
4701,3,3
4702,26,26
4703,1,1
4704,32,32
4705,28,28
4706,1,1
4707,1,1
4708,30,30
4709,16,16
4710,5,5
4711,21,21
4712,17,17
4713,5,5
4714,8,8
4715,12,12
4716,16,16
4717,2,2
4718,28,28
4719,8,8
4720,9,9
4721,26,26
4722,13,13
4723,16,16
4724,25,25
4725,16,16
4726,15,15
4727,31,31
4728,23,23
4729,24,24
4730,30,30
4731,4,4
4732,19,19
4733,12,12
4734,14,14
4735,12,12
4736,25,25
4737,1,1
4738,18,18
4739,8,8
4740,2,2
4741,10,10
4742,3,3
4743,3,3
4744,30,30
4745,3,3
4746,1,1
4747,33,33
4748,4,4
4749,2,2
4750,21,21
4751,27,27
4752,19,19
4753,13,13
4754,28,28
4755,3,3
4756,31,31
4757,19,19
4758,15,15
4759,18,18
4760,11,11
4761,4,4
4762,26,26
4763,11,11
4764,8,8
4765,33,33
4766,34,34
4767,23,23
4768,22,22
4769,16,16
4770,8,8
4771,34,34
4772,27,27
4773,3,3
4774,17,17
4775,19,19
4776,2,2
4777,34,34
4778,22,22
4779,7,7
4780,25,25
4781,16,16
4782,8,8
4783,20,20
4784,32,32
4785,32,32
4786,4,4
4787,11,11
4788,21,21
4789,20,20
4790,19,19
4791,0,0
4792,7,7
4793,2,2
4794,31,31
4795,17,17
4796,25,25
4797,24,24
4798,9,9
4799,0,0
4800,24,24
4801,31,31
4802,27,27
4803,34,34
4804,34,34
4805,4,4
4806,14,14
4807,29,29
4808,15,15
4809,29,29
4810,6,6
4811,21,21
4812,4,4
4813,22,22
4814,12,12
4815,24,24
4816,18,18
4817,28,28
4818,30,30
4819,2,2
4820,26,26
4821,20,20
4822,6,6
4823,33,33
4824,20,20
4825,15,15
4826,15,15
4827,9,9
4828,34,34
4829,1,1
4830,30,30
4831,16,16
4832,8,8
4833,2,2
4834,28,28
4835,27,27
4836,25,25
4837,17,17
4838,0,0
4839,7,7
4840,27,27
4841,31,31
4842,34,34
4843,12,12
4844,22,22
4845,24,24
4846,17,17
4847,31,31
4848,11,11
4849,18,18
4850,19,19
4851,0,0
4852,22,22
4853,7,7
4854,16,16
4855,31,31
4856,9,9
4857,9,9
4858,33,33
4859,15,15
4860,32,32
4861,6,6
4862,26,26
4863,3,3
4864,26,26
4865,32,32
4866,17,17
4867,26,26
4868,3,3
4869,7,7
4870,21,21
4871,5,5
4872,11,11
4873,33,33
4874,11,11
4875,34,34
4876,4,4
4877,29,29
4878,34,34
4879,12,12
4880,15,15
4881,13,13
4882,32,32
4883,8,8
4884,22,22
4885,7,7
4886,4,4
4887,0,0
4888,5,5
4889,20,20
4890,20,20
4891,9,9
4892,0,0
4893,13,13
4894,25,25
4895,29,29
4896,29,29
4897,11,11
4898,33,33
4899,20,20
4900,23,23
4901,18,18
4902,6,6
4903,34,34
4904,19,19
4905,29,29
4906,16,16
4907,3,3
4908,17,17
4909,21,21
4910,1,1
4911,15,15
4912,27,27
4913,3,3
4914,24,24
4915,12,12
4916,13,13
4917,1,1
4918,28,28
4919,20,20
4920,22,22
4921,30,30
4922,30,30
4923,26,26
4924,10,10
4925,3,3
4926,15,15
4927,26,26
4928,16,16
4929,31,31
4930,19,19
4931,6,6
4932,8,8
4933,4,4
4934,29,29
4935,1,1
4936,17,17
4937,12,12
4938,15,15
4939,13,13
4940,12,12
4941,31,31
4942,11,11
4943,18,18
4944,27,27
4945,14,14
4946,34,34
4947,7,7
4948,2,2
4949,20,20
4950,31,31
4951,8,8
4952,31,31
4953,20,20
4954,15,15
4955,30,30
4956,21,21
4957,4,4
4958,16,16
4959,23,23
4960,26,26
4961,1,1
4962,3,3
4963,6,6
4964,22,22
4965,2,2
4966,21,21
4967,27,27
4968,21,21
4969,22,22
4970,25,25
4971,27,27
4972,10,10
4973,3,3
4974,33,33
4975,15,15
4976,23,23
4977,22,22
4978,30,30
4979,13,13
4980,31,31
4981,29,29
4982,33,33
4983,33,33
4984,34,34
4985,17,17
4986,5,5
4987,0,0
4988,8,8
4989,21,21
4990,1,1
4991,28,28
4992,10,10
4993,15,15
4994,20,20
4995,12,12
4996,32,32
4997,6,6
4998,4,4
4999,6,6
5000,29,29
5001,23,23
5002,10,10
5003,27,27
5004,1,1
5005,12,12
5006,1,1
5007,13,13
5008,29,29
5009,4,4
5010,0,0
5011,3,3
5012,10,10
5013,16,16
5014,22,22
5015,3,3
5016,19,19
5017,8,8
5018,23,23
5019,29,29
5020,5,5
5021,17,17
5022,18,18
5023,31,31
5024,22,22
5025,28,28
5026,23,23
5027,27,27
5028,4,4
5029,12,12
5030,34,34
5031,15,15
5032,6,6
5033,5,5
5034,3,3
5035,9,9
5036,0,0
5037,0,0
5038,12,12
5039,5,5
5040,19,19
5041,5,5
5042,18,18
5043,11,11
5044,15,15
5045,14,14
5046,12,12
5047,23,23
5048,8,8
5049,1,1
5050,17,17
5051,32,32
5052,5,5
5053,6,6
5054,30,30
5055,27,27
5056,0,0
5057,30,30
5058,3,3
5059,2,2
5060,16,16
5061,22,22
5062,25,25
5063,1,1
5064,2,2
5065,10,10
5066,1,1
5067,15,15
5068,5,5
5069,15,15
5070,31,31
5071,20,20
5072,9,9
5073,29,29
5074,13,13
5075,26,26
5076,7,7
5077,10,10
5078,6,6
5079,26,26
5080,29,29
5081,21,21
5082,26,26
5083,22,22
5084,16,16
5085,13,13
5086,21,21
5087,31,31
5088,20,20
5089,9,9
5090,31,31
5091,4,4
5092,7,7
5093,14,14
5094,10,10
5095,22,22
5096,6,6
5097,4,4
5098,2,2
5099,34,34
5100,29,29
5101,17,17
5102,24,24
5103,5,5
5104,17,17
5105,6,6
5106,17,17
5107,34,34
5108,24,24
5109,9,9
5110,19,19
5111,0,0
5112,13,13
5113,16,16
5114,29,29
5115,17,17
5116,31,31
5117,6,6
5118,3,3
5119,19,19
5120,20,20
5121,14,14
5122,11,11
5123,27,27
5124,12,12
5125,30,30
5126,34,34
5127,13,13
5128,17,17
5129,22,22
5130,22,22
5131,17,17
5132,8,8
5133,15,15
5134,8,8
5135,30,30
5136,16,16
5137,32,32
5138,9,9
5139,19,19
5140,30,30
5141,9,9
5142,7,7
5143,13,13
5144,23,23
5145,33,33
5146,34,34
5147,34,34
5148,4,4
5149,20,20
5150,4,4
5151,11,11
5152,24,24
5153,14,14
5154,17,17
5155,34,34
5156,17,17
5157,32,32
5158,2,2
5159,30,30
5160,12,12
5161,22,22
5162,0,0
5163,28,28
5164,20,20
5165,7,7
5166,18,18
5167,6,6
5168,15,15
5169,0,0
5170,9,9
5171,4,4
5172,15,15
5173,29,29
5174,14,14
5175,23,23
5176,15,15
5177,6,6
5178,5,5
5179,3,3
5180,20,20
5181,26,26
5182,10,10
5183,10,10
5184,21,21
5185,11,11
5186,19,19
5187,32,32
5188,18,18
5189,2,2
5190,26,26
5191,18,18
5192,17,17
5193,8,8
5194,33,33
5195,23,23
5196,27,27
5197,34,34
5198,2,2
5199,18,18
5200,24,24
5201,16,16
5202,23,23
5203,20,20
5204,20,20
5205,27,27
5206,21,21
5207,33,33
5208,21,21
5209,0,0
5210,17,17
5211,15,15
5212,28,28
5213,11,11
5214,33,33
5215,0,0
5216,27,27
5217,31,31
5218,28,28
5219,15,15
5220,22,22
5221,20,20
5222,19,19
5223,34,34
5224,7,7
5225,19,19
5226,3,3
5227,16,16
5228,21,21
5229,6,6
5230,14,14
5231,11,11
5232,28,28
5233,21,21
5234,12,12
5235,18,18
5236,3,3
5237,21,21
5238,31,31
5239,30,30
5240,4,4
5241,6,6
5242,7,7
5243,1,1
5244,8,8
5245,26,26
5246,29,29
5247,15,15
5248,10,10
5249,11,11
5250,15,15
5251,22,22
5252,23,23
5253,32,32
5254,3,3
5255,0,0
5256,17,17
5257,29,29
5258,25,25
5259,31,31
5260,34,34
5261,32,32
5262,1,1
5263,6,6
5264,27,27
5265,21,21
5266,9,9
5267,25,25
5268,8,8
5269,0,0
5270,14,14
5271,20,20
5272,30,30
5273,22,22
5274,0,0
5275,14,14
5276,0,0
5277,21,21
5278,23,23
5279,21,21
5280,25,25
5281,6,6
5282,16,16
5283,21,21
5284,5,5
5285,8,8
5286,15,15
5287,20,20
5288,13,13
5289,12,12
5290,11,11
5291,25,25
5292,22,22
5293,19,19
5294,34,34
5295,32,32
5296,10,10
5297,12,12
5298,26,26
5299,12,12
5300,20,20
5301,3,3
5302,17,17
5303,16,16
5304,9,9
5305,1,1
5306,33,33
5307,6,6
5308,1,1
5309,34,34
5310,8,8
5311,25,25
5312,5,5
5313,9,9
5314,15,15
5315,11,11
5316,0,0
5317,34,34
5318,15,15
5319,19,19
5320,3,3
5321,21,21
5322,20,20
5323,30,30
5324,5,5
5325,33,33
5326,21,21
5327,31,31
5328,25,25
5329,33,33
5330,2,2
5331,28,28
5332,0,0
5333,30,30
5334,20,20
5335,2,2
5336,6,6
5337,25,25
5338,28,28
5339,19,19
5340,7,7
5341,24,24
5342,18,18
5343,21,21
5344,13,13
5345,22,22
5346,9,9
5347,23,23
5348,2,2
5349,27,27
5350,14,14
5351,24,24
5352,11,11
5353,14,14
5354,14,14
5355,18,18
5356,23,23
5357,25,25
5358,1,1
5359,22,22
5360,11,11
5361,8,8
5362,15,15
5363,0,0
5364,3,3
5365,22,22
5366,15,15
5367,25,25
5368,30,30
5369,3,3
5370,1,1
5371,15,15
5372,12,12
5373,24,24
5374,31,31
5375,19,19
5376,15,15
5377,12,12
5378,17,17
5379,10,10
5380,0,0
5381,7,7
5382,18,18
5383,3,3
5384,0,0
5385,20,20
5386,28,28
5387,3,3
5388,20,20
5389,13,13
5390,7,7
5391,18,18
5392,24,24
5393,30,30
5394,27,27
5395,30,30
5396,30,30
5397,19,19
5398,12,12
5399,17,17
5400,12,12
5401,6,6
5402,22,22
5403,18,18
5404,13,13
5405,21,21
5406,19,19
5407,29,29
5408,2,2
5409,12,12
5410,16,16
5411,24,24
5412,13,13
5413,15,15
5414,26,26
5415,27,27
5416,34,34
5417,21,21
5418,14,14
5419,0,0
5420,11,11
5421,8,8
5422,8,8
5423,13,13
5424,25,25
5425,2,2
5426,7,7
5427,23,23
5428,10,10
5429,16,16
5430,22,22
5431,22,22
5432,23,23
5433,9,9
5434,25,25
5435,7,7
5436,29,29
5437,0,0
5438,3,3
5439,22,22
5440,31,31
5441,10,10
5442,16,16
5443,2,2
5444,33,33
5445,23,23
5446,28,28
5447,5,5
5448,25,25
5449,25,25
5450,19,19
5451,3,3
5452,19,19
5453,21,21
5454,23,23
5455,14,14
5456,16,16
5457,13,13
5458,34,34
5459,5,5
5460,13,13
5461,25,25
5462,3,3
5463,21,21
5464,30,30
5465,31,31
5466,6,6
5467,28,28
5468,3,3
5469,32,32
5470,7,7
5471,22,22
5472,22,22
5473,22,22
5474,8,8
5475,18,18
5476,17,17
5477,1,1
5478,24,24
5479,7,7
5480,9,9
5481,29,29
5482,15,15
5483,8,8
5484,33,33
5485,11,11
5486,11,11
5487,29,29
5488,0,0
5489,31,31
5490,16,16
5491,31,31
5492,23,23
5493,6,6
5494,24,24
5495,24,24
5496,31,31
5497,29,29
5498,34,34
5499,23,23
5500,31,31
5501,30,30
5502,20,20
5503,0,0
5504,16,16
5505,32,32
5506,32,32
5507,30,30
5508,6,6
5509,20,20
5510,16,16
5511,7,7
5512,19,19
5513,25,25
5514,6,6
5515,3,3
5516,33,33
5517,34,34
5518,6,6
5519,21,21
5520,34,34
5521,29,29
5522,25,25
5523,30,30
5524,24,24
5525,0,0
5526,33,33
5527,3,3
5528,19,19
5529,16,16
5530,17,17
5531,31,31
5532,24,24
5533,7,7
5534,12,12
5535,27,27
5536,17,17
5537,16,16
5538,32,32
5539,8,8
5540,28,28
5541,33,33
5542,12,12
5543,32,32
5544,31,31
5545,25,25
5546,0,0
5547,15,15
5548,21,21
5549,27,27
5550,3,3
5551,19,19
5552,33,33
5553,19,19
5554,32,32
5555,32,32
5556,22,22
5557,29,29
5558,21,21
5559,34,34
5560,1,1
5561,9,9
5562,17,17
5563,32,32
5564,19,19
5565,15,15
5566,31,31
5567,2,2
5568,0,0
5569,5,5
5570,5,5
5571,25,25
5572,22,22
5573,0,0
5574,32,32
5575,30,30
5576,18,18
5577,19,19
5578,14,14
5579,2,2
5580,20,20
5581,10,10
5582,25,25
5583,28,28
5584,9,9
5585,0,0
5586,30,30
5587,32,32
5588,19,19
5589,20,20
5590,33,33
5591,16,16
5592,18,18
5593,34,34
5594,7,7
5595,11,11
5596,19,19
5597,3,3
5598,3,3
5599,29,29
5600,33,33
5601,4,4
5602,8,8
5603,24,24
5604,34,34
5605,4,4
5606,23,23
5607,8,8
5608,6,6
5609,17,17
5610,6,6
5611,19,19
5612,4,4
5613,20,20
5614,20,20
5615,7,7
5616,11,11
5617,29,29
5618,10,10
5619,4,4
5620,9,9
5621,8,8
5622,5,5
5623,26,26
5624,26,26
5625,18,18
5626,22,22
5627,22,22
5628,21,21
5629,20,20
5630,28,28
5631,19,19
5632,2,2
5633,4,4
5634,7,7
5635,29,29
5636,14,14
5637,16,16
5638,3,3
5639,5,5
5640,32,32
5641,34,34
5642,1,1
5643,27,27
5644,14,14
5645,27,27
5646,22,22
5647,10,10
5648,13,13
5649,4,4
5650,30,30
5651,32,32
5652,25,25
5653,33,33
5654,28,28
5655,8,8
5656,14,14
5657,6,6
5658,12,12
5659,0,0
5660,6,6
5661,32,32
5662,32,32
5663,23,23
5664,1,1
5665,27,27
5666,20,20
5667,3,3
5668,3,3
5669,8,8
5670,18,18
5671,14,14
5672,27,27
5673,14,14
5674,17,17
5675,8,8
5676,18,18
5677,24,24
5678,14,14
5679,6,6
5680,13,13
5681,20,20
5682,2,2
5683,10,10
5684,3,3
5685,3,3
5686,19,19
5687,4,4
5688,29,29
5689,26,26
5690,29,29
5691,13,13
5692,24,24
5693,3,3
5694,27,27
5695,31,31
5696,28,28
5697,4,4
5698,34,34
5699,21,21
5700,4,4
5701,22,22
5702,32,32
5703,32,32
5704,5,5
5705,32,32
5706,15,15
5707,8,8
5708,13,13
5709,23,23
5710,33,33
5711,2,2
5712,6,6
5713,29,29
5714,3,3
5715,2,2
5716,21,21
5717,24,24
5718,23,23
5719,26,26
5720,24,24
5721,34,34
5722,8,8
5723,25,25
5724,21,21
5725,16,16
5726,14,14
5727,20,20
5728,19,19
5729,15,15
5730,20,20
5731,12,12
5732,9,9
5733,34,34
5734,8,8
5735,26,26
5736,12,12
5737,5,5
5738,11,11
5739,12,12
5740,13,13
5741,19,19
5742,1,1
5743,31,31
5744,5,5
5745,19,19
5746,13,13
5747,4,4
5748,24,24
5749,7,7
5750,31,31
5751,16,16
5752,30,30
5753,2,2
5754,8,8
5755,4,4
5756,25,25
5757,31,31
5758,20,20
5759,15,15
5760,25,25
5761,0,0
5762,6,6
5763,13,13
5764,8,8
5765,19,19
5766,29,29
5767,1,1
5768,0,0
5769,6,6
5770,14,14
5771,23,23
5772,25,25
5773,8,8
5774,20,20
5775,15,15
5776,1,1
5777,16,16
5778,8,8
5779,27,27
5780,26,26
5781,8,8
5782,1,1
5783,26,26
5784,16,16
5785,1,1
5786,15,15
5787,34,34
5788,16,16
5789,18,18
5790,0,0
5791,20,20
5792,31,31
5793,12,12
5794,8,8
5795,16,16
5796,3,3
5797,3,3
5798,16,16
5799,22,22
5800,1,1
5801,0,0
5802,9,9
5803,28,28
5804,9,9
5805,12,12
5806,23,23
5807,25,25
5808,3,3
5809,3,3
5810,34,34
5811,5,5
5812,34,34
5813,9,9
5814,21,21
5815,5,5
5816,8,8
5817,1,1
5818,24,24
5819,14,14
5820,11,11
5821,12,12
5822,7,7
5823,30,30
5824,7,7
5825,10,10
5826,18,18
5827,19,19
5828,6,6
5829,26,26
5830,18,18
5831,14,14
5832,20,20
5833,12,12
5834,29,29
5835,25,25
5836,21,21
5837,15,15
5838,32,32
5839,24,24
5840,20,20
5841,6,6
5842,2,2
5843,33,33
5844,23,23
5845,9,9
5846,1,1
5847,7,7
5848,20,20
5849,34,34
5850,25,25
5851,13,13
5852,0,0
5853,2,2
5854,25,25
5855,0,0
5856,31,31
5857,19,19
5858,6,6
5859,6,6
5860,14,14
5861,32,32
5862,15,15
5863,16,16
5864,30,30
5865,4,4
5866,2,2
5867,6,6
5868,24,24
5869,13,13
5870,18,18
5871,25,25
5872,15,15
5873,30,30
5874,20,20
5875,30,30
5876,15,15
5877,2,2
5878,15,15
5879,3,3
5880,10,10
5881,21,21
5882,3,3
5883,4,4
5884,5,5
5885,0,0
5886,28,28
5887,24,24
5888,23,23
5889,2,2
5890,0,0
5891,1,1
5892,0,0
5893,14,14
5894,4,4
5895,19,19
5896,25,25
5897,8,8
5898,2,2
5899,23,23
5900,26,26
5901,12,12
5902,34,34
5903,0,0
5904,29,29
5905,22,22
5906,10,10
5907,15,15
5908,11,11
5909,0,0
5910,18,18
5911,4,4
5912,15,15
5913,12,12
5914,15,15
5915,27,27
5916,0,0
5917,11,11
5918,15,15
5919,21,21
5920,0,0
5921,16,16
5922,4,4
5923,0,0
5924,27,27
5925,27,27
5926,18,18
5927,31,31
5928,22,22
5929,2,2
5930,4,4
5931,31,31
5932,26,26
5933,31,31
5934,8,8
5935,30,30
5936,5,5
5937,16,16
5938,9,9
5939,10,10
5940,16,16
5941,14,14
5942,30,30
5943,2,2
5944,26,26
5945,25,25
5946,33,33
5947,15,15
5948,22,22
5949,7,7
5950,16,16
5951,5,5
5952,5,5
5953,13,13
5954,12,12
5955,10,10
5956,28,28
5957,17,17
5958,12,12
5959,16,16
5960,31,31
5961,4,4
5962,29,29
5963,11,11
5964,7,7
5965,12,12
5966,11,11
5967,34,34
5968,13,13
5969,32,32
5970,0,0
5971,33,33
5972,31,31
5973,1,1
5974,13,13
5975,34,34
5976,34,34
5977,8,8
5978,15,15
5979,30,30
5980,18,18
5981,9,9
5982,25,25
5983,33,33
5984,8,8
5985,13,13
5986,28,28
5987,15,15
5988,22,22
5989,10,10
5990,21,21
5991,30,30
5992,25,25
5993,20,20
5994,23,23
5995,3,3
5996,31,31
5997,7,7
5998,15,15
5999,24,24
6000,6,6
6001,28,28
6002,23,23
6003,30,30
6004,12,12
6005,32,32
6006,14,14
6007,5,5
6008,0,0
6009,18,18
6010,29,29
6011,23,23
6012,22,22
6013,4,4
6014,11,11
6015,23,23
6016,17,17
6017,31,31
6018,22,22
6019,19,19
6020,9,9
6021,25,25
6022,17,17
6023,28,28
6024,7,7
6025,0,0
6026,18,18
6027,8,8
6028,11,11
6029,30,30
6030,8,8
6031,17,17
6032,17,17
6033,19,19
6034,6,6
6035,17,17
6036,12,12
6037,34,34
6038,26,26
6039,1,1
6040,19,19
6041,4,4
6042,3,3
6043,5,5
6044,15,15
6045,10,10
6046,32,32
6047,19,19
6048,22,22
6049,34,34
6050,2,2
6051,21,21
6052,19,19
6053,28,28
6054,34,34
6055,8,8
6056,34,34
6057,3,3
6058,19,19
6059,7,7
6060,23,23
6061,19,19
6062,6,6
6063,0,0
6064,21,21
6065,13,13
6066,23,23
6067,2,2
6068,7,7
6069,23,23
6070,3,3
6071,16,16
6072,16,16
6073,4,4
6074,0,0
6075,16,16
6076,16,16
6077,30,30
6078,6,6
6079,28,28
6080,10,10
6081,16,16
6082,19,19
6083,18,18
6084,16,16
6085,13,13
6086,16,16
6087,32,32
6088,3,3
6089,3,3
6090,20,20
6091,30,30
6092,2,2
6093,21,21
6094,12,12
6095,29,29
6096,18,18
6097,34,34
6098,33,33
6099,6,6
6100,15,15
6101,29,29
6102,23,23
6103,5,5
6104,9,9
6105,11,11
6106,32,32
6107,2,2
6108,26,26
6109,17,17
6110,28,28
6111,30,30
6112,18,18
6113,22,22
6114,31,31
6115,34,34
6116,22,22
6117,14,14
6118,22,22
6119,26,26
6120,32,32
6121,26,26
6122,30,30
6123,8,8
6124,12,12
6125,19,19
6126,28,28
6127,27,27
6128,29,29
6129,34,34
6130,24,24
6131,10,10
6132,0,0
6133,7,7
6134,13,13
6135,19,19
6136,21,21
6137,7,7
6138,14,14
6139,10,10
6140,0,0
6141,21,21
6142,2,2
6143,17,17
6144,32,32
6145,2,2
6146,19,19
6147,14,14
6148,3,3
6149,24,24
6150,31,31
6151,31,31
6152,31,31
6153,22,22
6154,11,11
6155,3,3
6156,29,29
6157,11,11
6158,19,19
6159,25,25
6160,1,1
6161,11,11
6162,10,10
6163,24,24
6164,34,34
6165,0,0
6166,22,22
6167,7,7
6168,16,16
6169,1,1
6170,22,22
6171,24,24
6172,14,14
6173,31,31
6174,10,10
6175,8,8
6176,24,24
6177,4,4
6178,16,16
6179,28,28
6180,19,19
6181,18,18
6182,18,18
6183,29,29
6184,25,25
6185,1,1
6186,14,14
6187,27,27
6188,12,12
6189,14,14
6190,1,1
6191,24,24
6192,26,26
6193,24,24
6194,30,30
6195,21,21
6196,29,29
6197,13,13
6198,28,28
6199,4,4
6200,9,9
6201,12,12
6202,18,18
6203,14,14
6204,18,18
6205,19,19
6206,20,20
6207,14,14
6208,16,16
6209,20,20
6210,16,16
6211,26,26
6212,10,10
6213,21,21
6214,18,18
6215,25,25
6216,24,24
6217,28,28
6218,21,21
6219,5,5
6220,1,1
6221,25,25
6222,25,25
6223,12,12
6224,17,17
6225,0,0
6226,20,20
6227,12,12
6228,22,22
6229,7,7
6230,34,34
6231,29,29
6232,1,1
6233,25,25
6234,18,18
6235,12,12
6236,11,11
6237,4,4
6238,8,8
6239,9,9
6240,21,21
6241,31,31
6242,26,26
6243,22,22
6244,6,6
6245,20,20
6246,27,27
6247,19,19
6248,9,9
6249,21,21
6250,10,10
6251,25,25
6252,29,29
6253,34,34
6254,29,29
6255,29,29
6256,18,18
6257,24,24
6258,18,18
6259,25,25
6260,20,20
6261,26,26
6262,0,0
6263,24,24
6264,19,19
6265,21,21
6266,13,13
6267,34,34
6268,34,34
6269,28,28
6270,16,16
6271,17,17
6272,25,25
6273,32,32
6274,27,27
6275,26,26
6276,13,13
6277,19,19
6278,0,0
6279,32,32
6280,24,24
6281,31,31
6282,21,21
6283,2,2
6284,18,18
6285,9,9
6286,3,3
6287,4,4
6288,24,24
6289,17,17
6290,6,6
6291,21,21
6292,21,21
6293,30,30
6294,23,23
6295,12,12
6296,5,5
6297,23,23
6298,12,12
6299,22,22
6300,19,19
6301,4,4
6302,24,24
6303,29,29
6304,9,9
6305,7,7
6306,24,24
6307,27,27
6308,17,17
6309,17,17
6310,25,25
6311,27,27
6312,33,33
6313,20,20
6314,12,12
6315,19,19
6316,28,28
6317,26,26
6318,27,27
6319,20,20
6320,4,4
6321,0,0
6322,33,33
6323,17,17
6324,22,22
6325,20,20
6326,24,24
6327,16,16
6328,10,10
6329,17,17
6330,14,14
6331,5,5
6332,26,26
6333,30,30
6334,32,32
6335,21,21
6336,5,5
6337,15,15
6338,32,32
6339,6,6
6340,22,22
6341,6,6
6342,13,13
6343,19,19
6344,0,0
6345,10,10
6346,17,17
6347,21,21
6348,26,26
6349,15,15
6350,25,25
6351,12,12
6352,19,19
6353,17,17
6354,6,6
6355,25,25
6356,7,7
6357,7,7
6358,9,9
6359,26,26
6360,31,31
6361,16,16
6362,17,17
6363,6,6
6364,25,25
6365,22,22
6366,7,7
6367,3,3
6368,0,0
6369,20,20
6370,4,4
6371,12,12
6372,23,23
6373,19,19
6374,31,31
6375,7,7
6376,28,28
6377,12,12
6378,25,25
6379,21,21
6380,8,8
6381,3,3
6382,13,13
6383,32,32
6384,6,6
6385,21,21
6386,23,23
6387,14,14
6388,9,9
6389,10,10
6390,30,30
6391,2,2
6392,31,31
6393,5,5
6394,26,26
6395,4,4
6396,6,6
6397,27,27
6398,8,8
6399,18,18
6400,12,12
6401,15,15
6402,21,21
6403,17,17
6404,17,17
6405,7,7
6406,16,16
6407,34,34
6408,0,0
6409,21,21
6410,16,16
6411,2,2
6412,11,11
6413,12,12
6414,1,1
6415,22,22
6416,8,8
6417,3,3
6418,19,19
6419,12,12
6420,10,10
6421,11,11
6422,24,24
6423,11,11
6424,33,33
6425,5,5
6426,2,2
6427,13,13
6428,19,19
6429,34,34
6430,25,25
6431,18,18
6432,2,2
6433,26,26
6434,8,8
6435,9,9
6436,21,21
6437,9,9
6438,2,2
6439,33,33
6440,11,11
6441,3,3
6442,33,33
6443,12,12
6444,16,16
6445,33,33
6446,0,0
6447,1,1
6448,27,27
6449,12,12
6450,25,25
6451,14,14
6452,5,5
6453,1,1
6454,27,27
6455,31,31
6456,9,9
6457,19,19
6458,22,22
6459,17,17
6460,15,15
6461,33,33
6462,27,27
6463,2,2
6464,23,23
6465,28,28
6466,31,31
6467,24,24
6468,12,12
6469,7,7
6470,21,21
6471,29,29
6472,8,8
6473,20,20
6474,25,25
6475,2,2
6476,27,27
6477,0,0
6478,29,29
6479,1,1
6480,27,27
6481,24,24
6482,17,17
6483,19,19
6484,33,33
6485,29,29
6486,15,15
6487,0,0
6488,14,14
6489,14,14
6490,24,24
6491,13,13
6492,10,10
6493,33,33
6494,18,18
6495,0,0
6496,24,24
6497,32,32
6498,24,24
6499,6,6
6500,31,31
6501,20,20
6502,29,29
6503,16,16
6504,10,10
6505,9,9
6506,31,31
6507,30,30
6508,24,24
6509,22,22
6510,28,28
6511,0,0
6512,24,24
6513,13,13
6514,16,16
6515,24,24
6516,0,0
6517,31,31
6518,13,13
6519,34,34
6520,21,21
6521,0,0
6522,13,13
6523,16,16
6524,10,10
6525,3,3
6526,23,23
6527,13,13
6528,19,19
6529,22,22
6530,24,24
6531,19,19
6532,5,5
6533,2,2
6534,17,17
6535,16,16
6536,10,10
6537,17,17
6538,21,21
6539,10,10
6540,23,23
6541,15,15
6542,7,7
6543,34,34
6544,25,25
6545,15,15
6546,15,15
6547,0,0
6548,29,29
6549,34,34
6550,11,11
6551,20,20
6552,21,21
6553,31,31
6554,0,0
6555,9,9
6556,26,26
6557,24,24
6558,2,2
6559,34,34
6560,1,1
6561,32,32
6562,18,18
6563,2,2
6564,10,10
6565,23,23
6566,0,0
6567,30,30
6568,28,28
6569,33,33
6570,10,10
6571,20,20
6572,33,33
6573,10,10
6574,7,7
6575,14,14
6576,25,25
6577,0,0
6578,20,20
6579,4,4
6580,26,26
6581,31,31
6582,32,32
6583,27,27
6584,8,8
6585,23,23
6586,10,10
6587,11,11
6588,7,7
6589,24,24
6590,33,33
6591,18,18
6592,33,33
6593,13,13
6594,0,0
6595,3,3
6596,11,11
6597,28,28
6598,3,3
6599,27,27
6600,28,28
6601,0,0
6602,13,13
6603,4,4
6604,21,21
6605,25,25
6606,24,24
6607,20,20
6608,0,0
6609,34,34
6610,7,7
6611,24,24
6612,4,4
6613,24,24
6614,32,32
6615,18,18
6616,23,23
6617,23,23
6618,11,11
6619,26,26
6620,31,31
6621,31,31
6622,24,24
6623,6,6
6624,0,0
6625,17,17
6626,32,32
6627,6,6
6628,12,12
6629,33,33
6630,12,12
6631,19,19
6632,16,16
6633,13,13
6634,16,16
6635,26,26
6636,6,6
6637,4,4
6638,6,6
6639,25,25
6640,14,14
6641,1,1
6642,30,30
6643,2,2
6644,26,26
6645,10,10
6646,33,33
6647,16,16
6648,9,9
6649,33,33
6650,33,33
6651,7,7
6652,6,6
6653,8,8
6654,2,2
6655,4,4
6656,13,13
6657,11,11
6658,20,20
6659,1,1
6660,15,15
6661,20,20
6662,6,6
6663,21,21
6664,5,5
6665,2,2
6666,29,29
6667,5,5
6668,20,20
6669,5,5
6670,2,2
6671,12,12
6672,28,28
6673,4,4
6674,19,19
6675,20,20
6676,28,28
6677,2,2
6678,15,15
6679,1,1
6680,0,0
6681,30,30
6682,4,4
6683,5,5
6684,13,13
6685,20,20
6686,3,3
6687,2,2
6688,29,29
6689,33,33
6690,29,29
6691,23,23
6692,24,24
6693,16,16
6694,4,4
6695,7,7
6696,10,10
6697,26,26
6698,32,32
6699,13,13
6700,20,20
6701,24,24
6702,24,24
6703,12,12
6704,16,16
6705,33,33
6706,25,25
6707,5,5
6708,30,30
6709,22,22
6710,0,0
6711,23,23
6712,20,20
6713,24,24
6714,21,21
6715,24,24
6716,5,5
6717,6,6
6718,14,14
6719,2,2
6720,10,10
6721,26,26
6722,20,20
6723,27,27
6724,25,25
6725,26,26
6726,30,30
6727,3,3
6728,5,5
6729,20,20
6730,30,30
6731,19,19
6732,28,28
6733,23,23
6734,13,13
6735,22,22
6736,12,12
6737,31,31
6738,31,31
6739,21,21
6740,19,19
6741,24,24
6742,26,26
6743,30,30
6744,9,9
6745,32,32
6746,3,3
6747,24,24
6748,4,4
6749,10,10
6750,8,8
6751,18,18
6752,18,18
6753,19,19
6754,20,20
6755,6,6
6756,3,3
6757,26,26
6758,14,14
6759,15,15
6760,17,17
6761,30,30
6762,15,15
6763,26,26
6764,25,25
6765,31,31
6766,1,1
6767,24,24
6768,7,7
6769,25,25
6770,9,9
6771,31,31
6772,3,3
6773,18,18
6774,30,30
6775,28,28
6776,6,6
6777,25,25
6778,13,13
6779,17,17
6780,18,18
6781,17,17
6782,11,11
6783,18,18
6784,6,6
6785,4,4
6786,24,24
6787,13,13
6788,18,18
6789,22,22
6790,27,27
6791,11,11
6792,14,14
6793,29,29
6794,1,1
6795,10,10
6796,27,27
6797,7,7
6798,7,7
6799,31,31
6800,28,28
6801,19,19
6802,29,29
6803,23,23
6804,8,8
6805,33,33
6806,6,6
6807,14,14
6808,0,0
6809,27,27
6810,27,27
6811,0,0
6812,26,26
6813,21,21
6814,6,6
6815,9,9
6816,5,5
6817,0,0
6818,15,15
6819,0,0
6820,32,32
6821,19,19
6822,31,31
6823,33,33
6824,30,30
6825,24,24
6826,13,13
6827,10,10
6828,29,29
6829,15,15
6830,18,18
6831,20,20
6832,2,2
6833,2,2
6834,20,20
6835,14,14
6836,27,27
6837,14,14
6838,29,29
6839,11,11
6840,29,29
6841,2,2
6842,2,2
6843,5,5
6844,14,14
6845,18,18
6846,32,32
6847,4,4
6848,5,5
6849,25,25
6850,6,6
6851,4,4
6852,33,33
6853,5,5
6854,16,16
6855,29,29
6856,34,34
6857,21,21
6858,7,7
6859,17,17
6860,18,18
6861,33,33
6862,0,0
6863,8,8
6864,25,25
6865,20,20
6866,19,19
6867,4,4
6868,9,9
6869,24,24
6870,0,0
6871,25,25
6872,26,26
6873,12,12
6874,14,14
6875,28,28
6876,33,33
6877,4,4
6878,1,1
6879,5,5
6880,5,5
6881,3,3
6882,9,9
6883,12,12
6884,17,17
6885,24,24
6886,21,21
6887,20,20
6888,31,31
6889,6,6
6890,22,22
6891,14,14
6892,22,22
6893,20,20
6894,26,26
6895,24,24
6896,31,31
6897,21,21
6898,10,10
6899,32,32
6900,9,9
6901,23,23
6902,7,7
6903,33,33
6904,13,13
6905,30,30
6906,23,23
6907,23,23
6908,20,20
6909,25,25
6910,12,12
6911,10,10
6912,6,6
6913,10,10
6914,32,32
6915,1,1
6916,3,3
6917,29,29
6918,20,20
6919,14,14
6920,13,13
6921,28,28
6922,31,31
6923,29,29
6924,3,3
6925,21,21
6926,22,22
6927,1,1
6928,29,29
6929,21,21
6930,9,9
6931,12,12
6932,22,22
6933,9,9
6934,10,10
6935,11,11
6936,12,12
6937,27,27
6938,17,17
6939,11,11
6940,32,32
6941,15,15
6942,8,8
6943,1,1
6944,0,0
6945,5,5
6946,28,28
6947,30,30
6948,34,34
6949,8,8
6950,7,7
6951,11,11
6952,1,1
6953,17,17
6954,22,22
6955,27,27
6956,6,6
6957,17,17
6958,23,23
6959,29,29
6960,33,33
6961,12,12
6962,28,28
6963,1,1
6964,11,11
6965,28,28
6966,33,33
6967,21,21
6968,29,29
6969,34,34
6970,17,17
6971,4,4
6972,6,6
6973,13,13
6974,12,12
6975,30,30
6976,9,9
6977,5,5
6978,32,32
6979,29,29
6980,14,14
6981,6,6
6982,16,16
6983,22,22
6984,19,19
6985,2,2
6986,25,25
6987,8,8
6988,1,1
6989,13,13
6990,28,28
6991,7,7
6992,31,31
6993,11,11
6994,23,23
6995,31,31
6996,34,34
6997,21,21
6998,4,4
6999,18,18
7000,17,17
7001,18,18
7002,5,5
7003,19,19
7004,23,23
7005,21,21
7006,3,3
7007,19,19
7008,7,7
7009,5,5
7010,15,15
7011,29,29
7012,20,20
7013,27,27
7014,33,33
7015,32,32
7016,32,32
7017,33,33
7018,6,6
7019,12,12
7020,15,15
7021,26,26
7022,17,17
7023,29,29
7024,14,14
7025,1,1
7026,33,33
7027,22,22
7028,32,32
7029,9,9
7030,28,28
7031,19,19
7032,2,2
7033,15,15
7034,13,13
7035,19,19
7036,1,1
7037,8,8
7038,26,26
7039,14,14
7040,31,31
7041,28,28
7042,8,8
7043,22,22
7044,13,13
7045,0,0
7046,9,9
7047,29,29
7048,20,20
7049,31,31
7050,29,29
7051,34,34
7052,1,1
7053,14,14
7054,18,18
7055,33,33
7056,25,25
7057,18,18
7058,21,21
7059,32,32
7060,1,1
7061,7,7
7062,30,30
7063,26,26
7064,18,18
7065,26,26
7066,1,1
7067,10,10
7068,32,32
7069,14,14
7070,0,0
7071,12,12
7072,20,20
7073,18,18
7074,2,2
7075,5,5
7076,29,29
7077,19,19
7078,1,1
7079,24,24
7080,16,16
7081,26,26
7082,24,24
7083,1,1
7084,31,31
7085,14,14
7086,15,15
7087,11,11
7088,23,23
7089,11,11
7090,8,8
7091,10,10
7092,16,16
7093,16,16
7094,14,14
7095,2,2
7096,25,25
7097,23,23
7098,32,32
7099,29,29
7100,0,0
7101,28,28
7102,5,5
7103,5,5
7104,11,11
7105,4,4
7106,7,7
7107,20,20
7108,31,31
7109,10,10
7110,32,32
7111,7,7
7112,12,12
7113,17,17
7114,17,17
7115,22,22
7116,11,11
7117,32,32
7118,13,13
7119,8,8
7120,30,30
7121,9,9
7122,21,21
7123,13,13
7124,15,15
7125,19,19
7126,6,6
7127,11,11
7128,27,27
7129,20,20
7130,2,2
7131,27,27
7132,26,26
7133,11,11
7134,10,10
7135,20,20
7136,15,15
7137,15,15
7138,15,15
7139,1,1
7140,18,18
7141,8,8
7142,22,22
7143,0,0
7144,28,28
7145,30,30
7146,29,29
7147,23,23
7148,17,17
7149,29,29
7150,3,3
7151,9,9
7152,22,22
7153,18,18
7154,13,13
7155,30,30
7156,7,7
7157,19,19
7158,13,13
7159,8,8
7160,23,23
7161,26,26
7162,23,23
7163,27,27
7164,31,31
7165,19,19
7166,26,26
7167,8,8
7168,14,14
7169,15,15
7170,27,27
7171,27,27
7172,6,6
7173,24,24
7174,8,8
7175,26,26
7176,7,7
7177,33,33
7178,29,29
7179,4,4
7180,8,8
7181,27,27
7182,2,2
7183,1,1
7184,11,11
7185,6,6
7186,28,28
7187,29,29
7188,20,20
7189,14,14
7190,31,31
7191,18,18
7192,6,6
7193,27,27
7194,20,20
7195,7,7
7196,0,0
7197,12,12
7198,6,6
7199,29,29
7200,25,25
7201,15,15
7202,7,7
7203,29,29
7204,6,6
7205,20,20
7206,34,34
7207,15,15
7208,7,7
7209,11,11
7210,18,18
7211,21,21
7212,8,8
7213,27,27
7214,18,18
7215,14,14
7216,33,33
7217,26,26
7218,31,31
7219,18,18
7220,4,4
7221,17,17
7222,8,8
7223,23,23
7224,7,7
7225,1,1
7226,25,25
7227,31,31
7228,9,9
7229,18,18
7230,7,7
7231,32,32
7232,22,22
7233,30,30
7234,4,4
7235,12,12
7236,3,3
7237,13,13
7238,28,28
7239,8,8
7240,20,20
7241,11,11
7242,18,18
7243,32,32
7244,23,23
7245,24,24
7246,7,7
7247,5,5
7248,10,10
7249,32,32
7250,16,16
7251,17,17
7252,9,9
7253,32,32
7254,19,19
7255,24,24
7256,17,17
7257,3,3
7258,20,20
7259,11,11
7260,1,1
7261,33,33
7262,10,10
7263,2,2
7264,34,34
7265,26,26
7266,6,6
7267,3,3
7268,20,20
7269,5,5
7270,26,26
7271,24,24
7272,34,34
7273,2,2
7274,20,20
7275,9,9
7276,25,25
7277,11,11
7278,15,15
7279,18,18
7280,34,34
7281,34,34
7282,5,5
7283,23,23
7284,14,14
7285,14,14
7286,10,10
7287,14,14
7288,33,33
7289,4,4
7290,17,17
7291,34,34
7292,18,18
7293,32,32
7294,28,28
7295,5,5
7296,34,34
7297,15,15
7298,13,13
7299,9,9
7300,1,1
7301,7,7
7302,18,18
7303,32,32
7304,6,6
7305,3,3
7306,22,22
7307,15,15
7308,8,8
7309,14,14
7310,16,16
7311,13,13
7312,33,33
7313,25,25
7314,21,21
7315,27,27
7316,12,12
7317,0,0
7318,23,23
7319,15,15
7320,13,13
7321,21,21
7322,7,7
7323,25,25
7324,25,25
7325,7,7
7326,2,2
7327,27,27
7328,18,18
7329,4,4
7330,4,4
7331,16,16
7332,9,9
7333,19,19
7334,23,23
7335,23,23
7336,21,21
7337,32,32
7338,27,27
7339,22,22
7340,31,31
7341,4,4
7342,17,17
7343,32,32
7344,2,2
7345,22,22
7346,32,32
7347,18,18
7348,21,21
7349,11,11
7350,19,19
7351,3,3
7352,7,7
7353,25,25
7354,15,15
7355,4,4
7356,25,25
7357,20,20
7358,10,10
7359,6,6
7360,26,26
7361,16,16
7362,23,23
7363,13,13
7364,6,6
7365,33,33
7366,3,3
7367,8,8
7368,12,12
7369,32,32
7370,19,19
7371,10,10
7372,21,21
7373,30,30
7374,11,11
7375,22,22
7376,25,25
7377,19,19
7378,11,11
7379,20,20
7380,4,4
7381,2,2
7382,7,7
7383,0,0
7384,26,26
7385,28,28
7386,1,1
7387,7,7
7388,0,0
7389,28,28
7390,18,18
7391,5,5
7392,16,16
7393,8,8
7394,11,11
7395,4,4
7396,33,33
7397,7,7
7398,21,21
7399,9,9
7400,28,28
7401,20,20
7402,30,30
7403,7,7
7404,22,22
7405,25,25
7406,28,28
7407,25,25
7408,9,9
7409,16,16
7410,1,1
7411,1,1
7412,10,10
7413,29,29
7414,33,33
7415,29,29
7416,26,26
7417,31,31
7418,26,26
7419,17,17
7420,3,3
7421,29,29
7422,30,30
7423,10,10
7424,2,2
7425,31,31
7426,30,30
7427,9,9
7428,34,34
7429,1,1
7430,2,2
7431,33,33
7432,2,2
7433,2,2
7434,30,30
7435,7,7
7436,8,8
7437,9,9
7438,31,31
7439,22,22
7440,34,34
7441,16,16
7442,18,18
7443,6,6
7444,12,12
7445,20,20
7446,13,13
7447,31,31
7448,32,32
7449,9,9
7450,9,9
7451,23,23
7452,10,10
7453,32,32
7454,9,9
7455,28,28
7456,19,19
7457,10,10
7458,18,18
7459,11,11
7460,4,4
7461,32,32
7462,7,7
7463,12,12
7464,4,4
7465,26,26
7466,6,6
7467,25,25
7468,11,11
7469,0,0
7470,12,12
7471,27,27
7472,5,5
7473,24,24
7474,0,0
7475,22,22
7476,12,12
7477,8,8
7478,4,4
7479,0,0
7480,8,8
7481,2,2
7482,28,28
7483,4,4
7484,1,1
7485,4,4
7486,8,8
7487,15,15
7488,18,18
7489,25,25
7490,34,34
7491,9,9
7492,29,29
7493,4,4
7494,19,19
7495,9,9
7496,33,33
7497,31,31
7498,32,32
7499,20,20
7500,28,28
7501,21,21
7502,23,23
7503,20,20
7504,11,11
7505,9,9
7506,7,7
7507,30,30
7508,11,11
7509,17,17
7510,17,17
7511,31,31
7512,19,19
7513,3,3
7514,9,9
7515,1,1
7516,28,28
7517,3,3
7518,12,12
7519,22,22
7520,17,17
7521,13,13
7522,3,3
7523,2,2
7524,34,34
7525,20,20
7526,20,20
7527,15,15
7528,14,14
7529,17,17
7530,7,7
7531,25,25
7532,14,14
7533,32,32
7534,10,10
7535,18,18
7536,2,2
7537,1,1
7538,27,27
7539,22,22
7540,8,8
7541,11,11
7542,31,31
7543,34,34
7544,6,6
7545,28,28
7546,7,7
7547,30,30
7548,3,3
7549,29,29
7550,11,11
7551,2,2
7552,31,31
7553,18,18
7554,30,30
7555,6,6
7556,7,7
7557,12,12
7558,3,3
7559,12,12
7560,12,12
7561,31,31
7562,2,2
7563,14,14
7564,6,6
7565,8,8
7566,2,2
7567,11,11
7568,16,16
7569,7,7
7570,2,2
7571,32,32
7572,21,21
7573,12,12
7574,8,8
7575,7,7
7576,32,32
7577,32,32
7578,18,18
7579,11,11
7580,12,12
7581,28,28
7582,20,20
7583,34,34
7584,20,20
7585,6,6
7586,5,5
7587,29,29
7588,0,0
7589,29,29
7590,11,11
7591,31,31
7592,9,9
7593,9,9
7594,3,3
7595,3,3
7596,11,11
7597,27,27
7598,5,5
7599,5,5
7600,26,26
7601,6,6
7602,34,34
7603,3,3
7604,34,34
7605,12,12
7606,12,12
7607,21,21
7608,9,9
7609,2,2
7610,31,31
7611,25,25
7612,11,11
7613,23,23
7614,24,24
7615,29,29
7616,13,13
7617,15,15
7618,24,24
7619,32,32
7620,14,14
7621,10,10
7622,13,13
7623,16,16
7624,21,21
7625,9,9
7626,16,16
7627,12,12
7628,26,26
7629,27,27
7630,14,14
7631,32,32
7632,5,5
7633,17,17
7634,26,26
7635,32,32
7636,29,29
7637,16,16
7638,23,23
7639,19,19
7640,7,7
7641,15,15
7642,23,23
7643,32,32
7644,27,27
7645,15,15
7646,18,18
7647,11,11
7648,27,27
7649,8,8
7650,12,12
7651,14,14
7652,19,19
7653,13,13
7654,28,28
7655,8,8
7656,11,11
7657,2,2
7658,15,15
7659,7,7
7660,15,15
7661,17,17
7662,0,0
7663,30,30
7664,34,34
7665,13,13
7666,13,13
7667,32,32
7668,0,0
7669,17,17
7670,11,11
7671,2,2
7672,5,5
7673,1,1
7674,8,8
7675,6,6
7676,34,34
7677,33,33
7678,11,11
7679,32,32
7680,5,5
7681,34,34
7682,5,5
7683,4,4
7684,16,16
7685,0,0
7686,6,6
7687,34,34
7688,5,5
7689,33,33
7690,9,9
7691,17,17
7692,15,15
7693,24,24
7694,23,23
7695,26,26
7696,29,29
7697,29,29
7698,7,7
7699,30,30
7700,15,15
7701,32,32
7702,12,12
7703,4,4
7704,15,15
7705,4,4
7706,28,28
7707,31,31
7708,18,18
7709,20,20
7710,22,22
7711,24,24
7712,8,8
7713,32,32
7714,33,33
7715,19,19
7716,27,27
7717,26,26
7718,27,27
7719,29,29
7720,7,7
7721,25,25
7722,5,5
7723,3,3
7724,14,14
7725,14,14
7726,17,17
7727,31,31
7728,31,31
7729,29,29
7730,13,13
7731,6,6
7732,16,16
7733,16,16
7734,30,30
7735,26,26
7736,33,33
7737,28,28
7738,24,24
7739,29,29
7740,15,15
7741,2,2
7742,29,29
7743,13,13
7744,3,3
7745,22,22
7746,33,33
7747,32,32
7748,7,7
7749,28,28
7750,3,3
7751,4,4
7752,22,22
7753,33,33
7754,29,29
7755,21,21
7756,9,9
7757,0,0
7758,28,28
7759,26,26
7760,23,23
7761,6,6
7762,27,27
7763,7,7
7764,26,26
7765,10,10
7766,6,6
7767,34,34
7768,30,30
7769,4,4
7770,14,14
7771,2,2
7772,29,29
7773,17,17
7774,29,29
7775,33,33
7776,23,23
7777,32,32
7778,16,16
7779,1,1
7780,31,31
7781,9,9
7782,14,14
7783,2,2
7784,28,28
7785,6,6
7786,29,29
7787,23,23
7788,5,5
7789,32,32
7790,24,24
7791,0,0
7792,22,22
7793,34,34
7794,28,28
7795,24,24
7796,29,29
7797,6,6
7798,29,29
7799,24,24
7800,26,26
7801,6,6
7802,18,18
7803,18,18
7804,7,7
7805,1,1
7806,24,24
7807,20,20
7808,5,5
7809,26,26
7810,29,29
7811,14,14
7812,9,9
7813,30,30
7814,14,14
7815,29,29
7816,25,25
7817,11,11
7818,33,33
7819,31,31
7820,6,6
7821,14,14
7822,32,32
7823,14,14
7824,4,4
7825,9,9
7826,2,2
7827,13,13
7828,14,14
7829,31,31
7830,32,32
7831,14,14
7832,13,13
7833,20,20
7834,12,12
7835,4,4
7836,15,15
7837,30,30
7838,2,2
7839,26,26
7840,28,28
7841,23,23
7842,20,20
7843,20,20
7844,28,28
7845,11,11
7846,16,16
7847,3,3
7848,7,7
7849,23,23
7850,4,4
7851,17,17
7852,34,34
7853,10,10
7854,25,25
7855,29,29
7856,24,24
7857,9,9
7858,26,26
7859,13,13
7860,16,16
7861,22,22
7862,19,19
7863,16,16
7864,25,25
7865,24,24
7866,11,11
7867,9,9
7868,32,32
7869,23,23
7870,10,10
7871,15,15
7872,15,15
7873,15,15
7874,15,15
7875,10,10
7876,14,14
7877,24,24
7878,19,19
7879,1,1
7880,5,5
7881,30,30
7882,18,18
7883,7,7
7884,8,8
7885,10,10
7886,23,23
7887,9,9
7888,10,10
7889,27,27
7890,3,3
7891,25,25
7892,28,28
7893,3,3
7894,29,29
7895,33,33
7896,0,0
7897,16,16
7898,8,8
7899,22,22
7900,25,25
7901,32,32
7902,31,31
7903,1,1
7904,7,7
7905,26,26
7906,26,26
7907,21,21
7908,13,13
7909,22,22
7910,27,27
7911,9,9
7912,7,7
7913,5,5
7914,5,5
7915,25,25
7916,2,2
7917,15,15
7918,29,29
7919,17,17
7920,2,2
7921,9,9
7922,22,22
7923,15,15
7924,19,19
7925,25,25
7926,13,13
7927,30,30
7928,3,3
7929,23,23
7930,23,23
7931,28,28
7932,32,32
7933,21,21
7934,28,28
7935,34,34
7936,18,18
7937,11,11
7938,5,5
7939,23,23
7940,6,6
7941,18,18
7942,4,4
7943,24,24
7944,5,5
7945,5,5
7946,12,12
7947,25,25
7948,18,18
7949,9,9
7950,13,13
7951,20,20
7952,0,0
7953,28,28
7954,6,6
7955,9,9
7956,18,18
7957,6,6
7958,32,32
7959,6,6
7960,0,0
7961,24,24
7962,19,19
7963,9,9
7964,30,30
7965,28,28
7966,13,13
7967,19,19
7968,30,30
7969,18,18
7970,17,17
7971,7,7
7972,6,6
7973,4,4
7974,28,28
7975,30,30
7976,24,24
7977,9,9
7978,10,10
7979,8,8
7980,28,28
7981,11,11
7982,3,3
7983,4,4
7984,29,29
7985,33,33
7986,25,25
7987,4,4
7988,10,10
7989,28,28
7990,5,5
7991,28,28
7992,10,10
7993,25,25
7994,5,5
7995,16,16
7996,9,9
7997,25,25
7998,22,22
7999,22,22
8000,26,26
8001,25,25
8002,11,11
8003,34,34
8004,15,15
8005,23,23
8006,33,33
8007,22,22
8008,1,1
8009,26,26
8010,14,14
8011,25,25
8012,16,16
8013,27,27
8014,30,30
8015,29,29
8016,14,14
8017,29,29
8018,32,32
8019,32,32
8020,25,25
8021,12,12
8022,32,32
8023,21,21
8024,25,25
8025,22,22
8026,10,10
8027,6,6
8028,3,3
8029,8,8
8030,29,29
8031,22,22
8032,14,14
8033,21,21
8034,28,28
8035,20,20
8036,31,31
8037,15,15
8038,4,4
8039,17,17
8040,7,7
8041,20,20
8042,30,30
8043,30,30
8044,28,28
8045,19,19
8046,14,14
8047,14,14
8048,24,24
8049,17,17
8050,1,1
8051,12,12
8052,31,31
8053,26,26
8054,33,33
8055,15,15
8056,18,18
8057,9,9
8058,1,1
8059,13,13
8060,17,17
8061,9,9
8062,34,34
8063,6,6
8064,7,7
8065,2,2
8066,22,22
8067,14,14
8068,20,20
8069,9,9
8070,26,26
8071,11,11
8072,30,30
8073,3,3
8074,14,14
8075,32,32
8076,18,18
8077,10,10
8078,28,28
8079,33,33
8080,17,17
8081,28,28
8082,30,30
8083,23,23
8084,28,28
8085,25,25
8086,4,4
8087,5,5
8088,22,22
8089,20,20
8090,1,1
8091,20,20
8092,25,25
8093,6,6
8094,12,12
8095,3,3
8096,24,24
8097,23,23
8098,14,14
8099,21,21
8100,34,34
8101,6,6
8102,13,13
8103,20,20
8104,14,14
8105,2,2
8106,3,3
8107,25,25
8108,20,20
8109,5,5
8110,13,13
8111,9,9
8112,9,9
8113,29,29
8114,16,16
8115,22,22
8116,20,20
8117,14,14
8118,18,18
8119,24,24
8120,5,5
8121,32,32
8122,11,11
8123,16,16
8124,20,20
8125,12,12
8126,0,0
8127,6,6
8128,25,25
8129,5,5
8130,13,13
8131,3,3
8132,31,31
8133,15,15
8134,11,11
8135,13,13
8136,17,17
8137,1,1
8138,29,29
8139,5,5
8140,13,13
8141,22,22
8142,21,21
8143,20,20
8144,4,4
8145,0,0
8146,30,30
8147,21,21
8148,9,9
8149,13,13
8150,10,10
8151,16,16
8152,12,12
8153,23,23
8154,32,32
8155,19,19
8156,25,25
8157,6,6
8158,34,34
8159,13,13
8160,11,11
8161,16,16
8162,16,16
8163,1,1
8164,8,8
8165,26,26
8166,9,9
8167,4,4
8168,8,8
8169,19,19
8170,20,20
8171,19,19
8172,24,24
8173,18,18
8174,9,9
8175,6,6
8176,27,27
8177,18,18
8178,19,19
8179,25,25
8180,1,1
8181,4,4
8182,24,24
8183,0,0
8184,32,32
8185,9,9
8186,2,2
8187,9,9
8188,15,15
8189,26,26
8190,1,1
8191,11,11
8192,8,8
8193,11,11
8194,9,9
8195,29,29
8196,25,25
8197,18,18
8198,8,8
8199,21,21
8200,7,7
8201,21,21
8202,8,8
8203,30,30
8204,14,14
8205,4,4
8206,5,5
8207,12,12
8208,26,26
8209,3,3
8210,16,16
8211,5,5
8212,12,12
8213,21,21
8214,18,18
8215,29,29
8216,33,33
8217,16,16
8218,0,0
8219,11,11
8220,6,6
8221,4,4
8222,21,21
8223,20,20
8224,24,24
8225,9,9
8226,1,1
8227,15,15
8228,27,27
8229,1,1
8230,14,14
8231,2,2
8232,23,23
8233,9,9
8234,17,17
8235,12,12
8236,10,10
8237,13,13
8238,10,10
8239,3,3
8240,10,10
8241,27,27
8242,24,24
8243,20,20
8244,11,11
8245,14,14
8246,25,25
8247,17,17
8248,15,15
8249,23,23
8250,14,14
8251,5,5
8252,9,9
8253,21,21
8254,31,31
8255,13,13
8256,17,17
8257,1,1
8258,14,14
8259,32,32
8260,5,5
8261,11,11
8262,32,32
8263,16,16
8264,10,10
8265,13,13
8266,33,33
8267,0,0
8268,21,21
8269,12,12
8270,19,19
8271,22,22
8272,33,33
8273,21,21
8274,27,27
8275,32,32
8276,9,9
8277,13,13
8278,16,16
8279,11,11
8280,5,5
8281,19,19
8282,13,13
8283,23,23
8284,33,33
8285,23,23
8286,13,13
8287,30,30
8288,6,6
8289,4,4
8290,21,21
8291,31,31
8292,5,5
8293,20,20
8294,14,14
8295,32,32
8296,33,33
8297,17,17
8298,10,10
8299,27,27
8300,21,21
8301,0,0
8302,16,16
8303,28,28
8304,29,29
8305,13,13
8306,21,21
8307,3,3
8308,18,18
8309,11,11
8310,3,3
8311,0,0
8312,5,5
8313,31,31
8314,7,7
8315,16,16
8316,2,2
8317,11,11
8318,23,23
8319,5,5
8320,27,27
8321,11,11
8322,6,6
8323,25,25
8324,0,0
8325,33,33
8326,13,13
8327,25,25
8328,25,25
8329,7,7
8330,19,19
8331,8,8
8332,23,23
8333,10,10
8334,22,22
8335,32,32
8336,9,9
8337,5,5
8338,29,29
8339,32,32
8340,9,9
8341,21,21
8342,9,9
8343,8,8
8344,17,17
8345,27,27
8346,21,21
8347,1,1
8348,34,34
8349,18,18
8350,8,8
8351,22,22
8352,8,8
8353,7,7
8354,0,0
8355,16,16
8356,27,27
8357,20,20
8358,21,21
8359,4,4
8360,10,10
8361,12,12
8362,19,19
8363,23,23
8364,19,19
8365,21,21
8366,22,22
8367,34,34
8368,34,34
8369,33,33
8370,18,18
8371,11,11
8372,21,21
8373,6,6
8374,32,32
8375,33,33
8376,25,25
8377,27,27
8378,15,15
8379,32,32
8380,5,5
8381,12,12
8382,17,17
8383,8,8
8384,26,26
8385,26,26
8386,12,12
8387,18,18
8388,22,22
8389,2,2
8390,4,4
8391,22,22
8392,34,34
8393,25,25
8394,16,16
8395,0,0
8396,4,4
8397,5,5
8398,13,13
8399,1,1
8400,8,8
